epoch,time,train/box_loss,train/cls_loss,train/dfl_loss,metrics/precision(B),metrics/recall(B),metrics/mAP50(B),metrics/mAP50-95(B),val/box_loss,val/cls_loss,val/dfl_loss,lr/pg0,lr/pg1,lr/pg2,lr/pg3,lr/pg4,lr/pg5,lr/pg6,lr/pg7
1,102.299,1.4183,1.90389,1.47463,0.68587,0.45654,0.53746,0.26268,1.70252,1.55597,1.57548,0.00995455,0.00331818,0.00995455,0.00331818,0.00995455,0.00331818,0.00995455,0.00331818
2,178.835,1.30321,1.36525,1.36592,0.60458,0.51142,0.54588,0.25626,1.86509,1.53913,1.70305,0.0199242,0.00664138,0.0199242,0.00664138,0.0199242,0.00664138,0.0199242,0.00664138
3,250.732,1.36763,1.46259,1.39956,0.53298,0.42017,0.41571,0.19144,2.00704,1.93257,1.8954,0.0298633,0.00995443,0.0298633,0.00995443,0.0298633,0.00995443,0.0298633,0.00995443
4,321.893,1.40502,1.55232,1.44834,0.60631,0.47185,0.4792,0.21612,1.91791,1.8009,1.85336,0.0298629,0.00995431,0.0298629,0.00995431,0.0298629,0.00995431,0.0298629,0.00995431
5,392.593,1.37762,1.49894,1.4341,0.55089,0.42723,0.41743,0.1912,2.04096,1.94755,2.00611,0.0298172,0.00993908,0.0298172,0.00993908,0.0298172,0.00993908,0.0298172,0.00993908
6,463.886,1.34099,1.42632,1.41098,0.65192,0.46678,0.50724,0.24068,1.8529,1.60927,1.79615,0.0297715,0.00992385,0.0297715,0.00992385,0.0297715,0.00992385,0.0297715,0.00992385
7,533.795,1.32942,1.36189,1.3912,0.63773,0.5345,0.56343,0.26852,1.79362,1.43508,1.75506,0.0297258,0.00990862,0.0297258,0.00990862,0.0297258,0.00990862,0.0297258,0.00990862
8,605.258,1.30316,1.31362,1.38131,0.76038,0.52273,0.5889,0.28336,1.86011,1.34859,1.79395,0.0296802,0.00989338,0.0296802,0.00989338,0.0296802,0.00989338,0.0296802,0.00989338
9,676.893,1.28223,1.26466,1.36896,0.72695,0.5167,0.57956,0.28599,1.82547,1.31953,1.74366,0.0296345,0.00987815,0.0296345,0.00987815,0.0296345,0.00987815,0.0296345,0.00987815
10,748.088,1.27345,1.23642,1.35569,0.73714,0.53174,0.59072,0.30534,1.7069,1.32543,1.65593,0.0295888,0.00986292,0.0295888,0.00986292,0.0295888,0.00986292,0.0295888,0.00986292
11,819.288,1.2449,1.19749,1.33756,0.7114,0.56282,0.60263,0.29169,1.74764,1.28386,1.67605,0.0295431,0.00984769,0.0295431,0.00984769,0.0295431,0.00984769,0.0295431,0.00984769
12,890.279,1.23176,1.17,1.33157,0.7325,0.53414,0.59372,0.28268,1.86473,1.40888,1.75099,0.0294974,0.00983246,0.0294974,0.00983246,0.0294974,0.00983246,0.0294974,0.00983246
13,961.233,1.22075,1.13616,1.32469,0.78847,0.57134,0.63258,0.33508,1.73782,1.16861,1.65152,0.0294517,0.00981723,0.0294517,0.00981723,0.0294517,0.00981723,0.0294517,0.00981723
14,1032.35,1.2091,1.12164,1.3141,0.72185,0.58892,0.6305,0.31874,1.73689,1.21939,1.69507,0.029406,0.009802,0.029406,0.009802,0.029406,0.009802,0.029406,0.009802
15,1103.13,1.19608,1.0839,1.30223,0.70208,0.60392,0.62491,0.31248,1.73839,1.17296,1.67675,0.0293603,0.00978677,0.0293603,0.00978677,0.0293603,0.00978677,0.0293603,0.00978677
16,1174.15,1.18121,1.06691,1.29131,0.7717,0.59425,0.65159,0.32382,1.79879,1.09258,1.70524,0.0293146,0.00977154,0.0293146,0.00977154,0.0293146,0.00977154,0.0293146,0.00977154
17,1245.08,1.17557,1.0402,1.28366,0.74261,0.60598,0.65532,0.33856,1.73722,1.14786,1.65484,0.0292689,0.00975631,0.0292689,0.00975631,0.0292689,0.00975631,0.0292689,0.00975631
18,1316.37,1.14616,1.02099,1.26903,0.75435,0.61315,0.64619,0.32381,1.76983,1.13616,1.66375,0.0292232,0.00974108,0.0292232,0.00974108,0.0292232,0.00974108,0.0292232,0.00974108
19,1386.88,1.14577,0.99948,1.26703,0.81469,0.58734,0.6602,0.33101,1.74503,1.13971,1.65184,0.0291775,0.00972585,0.0291775,0.00972585,0.0291775,0.00972585,0.0291775,0.00972585
20,1457.96,1.14905,0.99435,1.26881,0.76936,0.62777,0.67681,0.35632,1.69541,1.02475,1.62246,0.0291318,0.00971062,0.0291318,0.00971062,0.0291318,0.00971062,0.0291318,0.00971062
21,1529.03,1.12843,0.97113,1.2571,0.79761,0.64377,0.67636,0.34997,1.6595,0.99927,1.59748,0.0290862,0.00969538,0.0290862,0.00969538,0.0290862,0.00969538,0.0290862,0.00969538
22,1599.9,1.12718,0.96937,1.2542,0.75173,0.61747,0.66407,0.35206,1.66382,1.07067,1.62639,0.0290405,0.00968015,0.0290405,0.00968015,0.0290405,0.00968015,0.0290405,0.00968015
23,1671.13,1.12497,0.94446,1.24778,0.79141,0.61283,0.66699,0.34636,1.67763,1.05285,1.62425,0.0289948,0.00966492,0.0289948,0.00966492,0.0289948,0.00966492,0.0289948,0.00966492
24,1741.96,1.10927,0.93843,1.24061,0.83879,0.65876,0.71012,0.3749,1.66705,0.98094,1.5896,0.0289491,0.00964969,0.0289491,0.00964969,0.0289491,0.00964969,0.0289491,0.00964969
25,1813.3,1.09614,0.91261,1.23534,0.76592,0.63541,0.67088,0.35034,1.72337,1.04362,1.66239,0.0289034,0.00963446,0.0289034,0.00963446,0.0289034,0.00963446,0.0289034,0.00963446
26,1884.17,1.09899,0.89673,1.22938,0.84522,0.64362,0.72933,0.36512,1.6859,0.94686,1.61621,0.0288577,0.00961923,0.0288577,0.00961923,0.0288577,0.00961923,0.0288577,0.00961923
27,1955.03,1.08228,0.89655,1.22672,0.79949,0.63577,0.6685,0.34437,1.78568,1.01791,1.68398,0.028812,0.009604,0.028812,0.009604,0.028812,0.009604,0.028812,0.009604
28,2026.06,1.07827,0.87373,1.2131,0.83266,0.63769,0.7046,0.36235,1.68318,0.96766,1.58997,0.0287663,0.00958877,0.0287663,0.00958877,0.0287663,0.00958877,0.0287663,0.00958877
29,2097.01,1.07347,0.86798,1.21375,0.78717,0.66235,0.70139,0.36373,1.74282,0.95837,1.63384,0.0287206,0.00957354,0.0287206,0.00957354,0.0287206,0.00957354,0.0287206,0.00957354
30,2168.3,1.06404,0.85719,1.20445,0.81872,0.66535,0.7001,0.36395,1.7195,0.94484,1.65701,0.0286749,0.00955831,0.0286749,0.00955831,0.0286749,0.00955831,0.0286749,0.00955831
31,2239.21,1.06484,0.85392,1.20338,0.8004,0.64077,0.69815,0.36519,1.66365,0.95363,1.58957,0.0286292,0.00954308,0.0286292,0.00954308,0.0286292,0.00954308,0.0286292,0.00954308
32,2309.94,1.05562,0.84051,1.19914,0.80485,0.65011,0.69116,0.3823,1.61873,0.93634,1.54556,0.0285835,0.00952785,0.0285835,0.00952785,0.0285835,0.00952785,0.0285835,0.00952785
33,2380.96,1.04932,0.83339,1.19111,0.81203,0.62941,0.69107,0.34702,1.74609,0.97717,1.62599,0.0285378,0.00951262,0.0285378,0.00951262,0.0285378,0.00951262,0.0285378,0.00951262
34,2451.67,1.03701,0.81758,1.18881,0.79656,0.64799,0.68935,0.36293,1.68707,0.95254,1.62018,0.0284922,0.00949738,0.0284922,0.00949738,0.0284922,0.00949738,0.0284922,0.00949738
35,2522.27,1.03928,0.81574,1.18518,0.79689,0.65047,0.6948,0.3696,1.68728,0.9062,1.59234,0.0284465,0.00948215,0.0284465,0.00948215,0.0284465,0.00948215,0.0284465,0.00948215
36,2593.22,1.025,0.81185,1.17858,0.76296,0.67313,0.69041,0.37298,1.64725,0.97089,1.58007,0.0284008,0.00946692,0.0284008,0.00946692,0.0284008,0.00946692,0.0284008,0.00946692
37,2664.03,1.02686,0.80568,1.18247,0.81559,0.63865,0.69807,0.37634,1.70644,0.95087,1.61231,0.0283551,0.00945169,0.0283551,0.00945169,0.0283551,0.00945169,0.0283551,0.00945169
38,2734.85,1.02536,0.79877,1.18274,0.84113,0.69399,0.73602,0.40344,1.61084,0.87866,1.54001,0.0283094,0.00943646,0.0283094,0.00943646,0.0283094,0.00943646,0.0283094,0.00943646
39,2805.69,1.00827,0.78715,1.16991,0.82756,0.66057,0.69768,0.38058,1.66412,0.91175,1.60383,0.0282637,0.00942123,0.0282637,0.00942123,0.0282637,0.00942123,0.0282637,0.00942123
40,2876.61,1.00784,0.77042,1.16628,0.84668,0.65877,0.71669,0.38922,1.64168,0.91207,1.5739,0.028218,0.009406,0.028218,0.009406,0.028218,0.009406,0.028218,0.009406
41,2947.62,1.00898,0.77231,1.16508,0.74698,0.6832,0.70323,0.37952,1.64125,0.89624,1.5709,0.0281723,0.00939077,0.0281723,0.00939077,0.0281723,0.00939077,0.0281723,0.00939077
42,3018.27,1.00229,0.76851,1.15978,0.82723,0.64954,0.70622,0.37201,1.7094,0.91207,1.6457,0.0281266,0.00937554,0.0281266,0.00937554,0.0281266,0.00937554,0.0281266,0.00937554
43,3088.88,0.99562,0.75901,1.16231,0.84333,0.67631,0.72075,0.39938,1.61932,0.87211,1.57374,0.0280809,0.00936031,0.0280809,0.00936031,0.0280809,0.00936031,0.0280809,0.00936031
44,3159.81,0.99237,0.75605,1.15798,0.82641,0.67166,0.72325,0.39421,1.61812,0.88088,1.55115,0.0280352,0.00934508,0.0280352,0.00934508,0.0280352,0.00934508,0.0280352,0.00934508
45,3230.14,0.98031,0.75109,1.15515,0.82978,0.63306,0.69209,0.38788,1.67354,0.90874,1.61802,0.0279895,0.00932985,0.0279895,0.00932985,0.0279895,0.00932985,0.0279895,0.00932985
46,3300.84,0.9871,0.746,1.15563,0.84462,0.67139,0.72553,0.40004,1.57894,0.83656,1.52334,0.0279438,0.00931462,0.0279438,0.00931462,0.0279438,0.00931462,0.0279438,0.00931462
47,3371.67,0.97135,0.74014,1.15091,0.83214,0.71629,0.75295,0.41967,1.5828,0.85006,1.53051,0.0278982,0.00929938,0.0278982,0.00929938,0.0278982,0.00929938,0.0278982,0.00929938
48,3442.58,0.97153,0.73691,1.14601,0.82982,0.6767,0.73518,0.40767,1.57369,0.84372,1.50791,0.0278525,0.00928415,0.0278525,0.00928415,0.0278525,0.00928415,0.0278525,0.00928415
49,3513.18,0.96732,0.72778,1.14456,0.85478,0.68093,0.75781,0.40582,1.67543,0.83233,1.58117,0.0278068,0.00926892,0.0278068,0.00926892,0.0278068,0.00926892,0.0278068,0.00926892
50,3584.25,0.96311,0.72168,1.13718,0.83846,0.66211,0.72449,0.39622,1.69073,0.86335,1.6104,0.0277611,0.00925369,0.0277611,0.00925369,0.0277611,0.00925369,0.0277611,0.00925369
51,3655.08,0.95569,0.72583,1.14019,0.81248,0.67697,0.72541,0.38925,1.68187,0.8685,1.62191,0.0277154,0.00923846,0.0277154,0.00923846,0.0277154,0.00923846,0.0277154,0.00923846
52,3726.21,0.95748,0.71503,1.13681,0.79699,0.6865,0.72441,0.39924,1.665,0.86622,1.59608,0.0276697,0.00922323,0.0276697,0.00922323,0.0276697,0.00922323,0.0276697,0.00922323
53,3797.13,0.94972,0.71568,1.13181,0.84276,0.69504,0.7396,0.40401,1.64765,0.819,1.58638,0.027624,0.009208,0.027624,0.009208,0.027624,0.009208,0.027624,0.009208
54,3868.03,0.9454,0.70284,1.12984,0.82678,0.71124,0.75681,0.41207,1.63735,0.83518,1.56638,0.0275783,0.00919277,0.0275783,0.00919277,0.0275783,0.00919277,0.0275783,0.00919277
55,3938.8,0.951,0.70388,1.13254,0.90707,0.69336,0.76638,0.42114,1.58128,0.80498,1.51789,0.0275326,0.00917754,0.0275326,0.00917754,0.0275326,0.00917754,0.0275326,0.00917754
56,4010.22,0.94656,0.70013,1.12474,0.82318,0.69625,0.7342,0.39216,1.69022,0.87452,1.60423,0.0274869,0.00916231,0.0274869,0.00916231,0.0274869,0.00916231,0.0274869,0.00916231
57,4081.33,0.933,0.68613,1.1226,0.85605,0.72142,0.76763,0.43035,1.50724,0.80834,1.47665,0.0274412,0.00914708,0.0274412,0.00914708,0.0274412,0.00914708,0.0274412,0.00914708
58,4152.39,0.93458,0.69336,1.12066,0.85698,0.70415,0.75166,0.43656,1.55184,0.75704,1.48977,0.0273955,0.00913185,0.0273955,0.00913185,0.0273955,0.00913185,0.0273955,0.00913185
59,4223.34,0.92849,0.6844,1.11937,0.82966,0.68485,0.73369,0.40685,1.5634,0.82552,1.53088,0.0273498,0.00911662,0.0273498,0.00911662,0.0273498,0.00911662,0.0273498,0.00911662
60,4293.74,0.92876,0.68686,1.1177,0.8684,0.69515,0.7438,0.41665,1.62049,0.78984,1.5551,0.0273042,0.00910138,0.0273042,0.00910138,0.0273042,0.00910138,0.0273042,0.00910138
61,4364.54,0.92109,0.66973,1.11334,0.87296,0.69019,0.74248,0.41897,1.59006,0.80783,1.53369,0.0272585,0.00908615,0.0272585,0.00908615,0.0272585,0.00908615,0.0272585,0.00908615
62,4435.3,0.92649,0.68122,1.11792,0.84338,0.69917,0.7456,0.40916,1.61915,0.79586,1.55622,0.0272128,0.00907092,0.0272128,0.00907092,0.0272128,0.00907092,0.0272128,0.00907092
63,4505.79,0.92108,0.67417,1.11456,0.8118,0.70495,0.73677,0.41797,1.58393,0.80476,1.51491,0.0271671,0.00905569,0.0271671,0.00905569,0.0271671,0.00905569,0.0271671,0.00905569
64,4576.38,0.90753,0.67111,1.11375,0.82444,0.6838,0.73494,0.41759,1.58303,0.79497,1.53476,0.0271214,0.00904046,0.0271214,0.00904046,0.0271214,0.00904046,0.0271214,0.00904046
65,4647.14,0.91294,0.66697,1.10308,0.88291,0.70099,0.76545,0.42938,1.54988,0.77881,1.49375,0.0270757,0.00902523,0.0270757,0.00902523,0.0270757,0.00902523,0.0270757,0.00902523
66,4717.63,0.91239,0.66611,1.1065,0.86606,0.71686,0.75908,0.42778,1.56989,0.77593,1.50659,0.02703,0.00901,0.02703,0.00901,0.02703,0.00901,0.02703,0.00901
67,4787.96,0.90778,0.66444,1.10505,0.84113,0.69301,0.73868,0.42471,1.56574,0.8027,1.51844,0.0269843,0.00899477,0.0269843,0.00899477,0.0269843,0.00899477,0.0269843,0.00899477
68,4858.74,0.90612,0.65483,1.10244,0.80907,0.69659,0.72999,0.41861,1.60751,0.81427,1.55192,0.0269386,0.00897954,0.0269386,0.00897954,0.0269386,0.00897954,0.0269386,0.00897954
69,4929.47,0.89486,0.64885,1.09669,0.83616,0.67706,0.73405,0.40899,1.58959,0.79715,1.55236,0.0268929,0.00896431,0.0268929,0.00896431,0.0268929,0.00896431,0.0268929,0.00896431
70,4999.95,0.901,0.65287,1.09586,0.87878,0.70753,0.76186,0.42895,1.53462,0.7692,1.48601,0.0268472,0.00894908,0.0268472,0.00894908,0.0268472,0.00894908,0.0268472,0.00894908
71,5070.94,0.90169,0.6488,1.09555,0.83264,0.68741,0.71814,0.40396,1.59412,0.81724,1.52852,0.0268015,0.00893385,0.0268015,0.00893385,0.0268015,0.00893385,0.0268015,0.00893385
72,5141.53,0.88271,0.64387,1.0897,0.84626,0.70855,0.75202,0.42689,1.56841,0.79803,1.53992,0.0267558,0.00891862,0.0267558,0.00891862,0.0267558,0.00891862,0.0267558,0.00891862
73,5212.17,0.88629,0.63951,1.08858,0.86364,0.6972,0.73144,0.41366,1.61613,0.8109,1.55866,0.0267102,0.00890338,0.0267102,0.00890338,0.0267102,0.00890338,0.0267102,0.00890338
74,5282.97,0.88058,0.63599,1.09452,0.8631,0.6849,0.73191,0.40834,1.61952,0.81157,1.57824,0.0266645,0.00888815,0.0266645,0.00888815,0.0266645,0.00888815,0.0266645,0.00888815
75,5353.68,0.89514,0.64438,1.09662,0.84438,0.70394,0.75281,0.42905,1.53927,0.79243,1.4937,0.0266188,0.00887292,0.0266188,0.00887292,0.0266188,0.00887292,0.0266188,0.00887292
76,5424.2,0.87163,0.62766,1.08633,0.8318,0.72398,0.75564,0.44385,1.45609,0.74402,1.44337,0.0265731,0.00885769,0.0265731,0.00885769,0.0265731,0.00885769,0.0265731,0.00885769
77,5495.13,0.87854,0.63412,1.08901,0.86862,0.72078,0.78042,0.43914,1.5339,0.75804,1.5168,0.0265274,0.00884246,0.0265274,0.00884246,0.0265274,0.00884246,0.0265274,0.00884246
78,5566.01,0.87808,0.62558,1.08262,0.91036,0.74306,0.79817,0.45833,1.46167,0.72509,1.43405,0.0264817,0.00882723,0.0264817,0.00882723,0.0264817,0.00882723,0.0264817,0.00882723
79,5637.09,0.87728,0.62801,1.08622,0.8614,0.72112,0.75583,0.42245,1.5914,0.74693,1.54427,0.026436,0.008812,0.026436,0.008812,0.026436,0.008812,0.026436,0.008812
80,5708.03,0.87279,0.62117,1.08246,0.90321,0.71101,0.76959,0.4453,1.50408,0.73627,1.47856,0.0263903,0.00879677,0.0263903,0.00879677,0.0263903,0.00879677,0.0263903,0.00879677
81,5778.83,0.86878,0.61865,1.0778,0.88578,0.70562,0.76749,0.43671,1.52158,0.74801,1.50858,0.0263446,0.00878154,0.0263446,0.00878154,0.0263446,0.00878154,0.0263446,0.00878154
82,5849.66,0.86757,0.61877,1.07843,0.83554,0.73607,0.75769,0.43655,1.5138,0.76604,1.50083,0.0262989,0.00876631,0.0262989,0.00876631,0.0262989,0.00876631,0.0262989,0.00876631
83,5920.02,0.8629,0.61488,1.07829,0.83593,0.70071,0.73435,0.41845,1.54747,0.77188,1.50701,0.0262532,0.00875108,0.0262532,0.00875108,0.0262532,0.00875108,0.0262532,0.00875108
84,5990.74,0.85874,0.60825,1.07474,0.86018,0.71951,0.75329,0.4284,1.55185,0.78791,1.52191,0.0262075,0.00873585,0.0262075,0.00873585,0.0262075,0.00873585,0.0262075,0.00873585
85,6061.4,0.86179,0.60845,1.07653,0.87589,0.70737,0.75328,0.43768,1.52309,0.75659,1.48304,0.0261618,0.00872062,0.0261618,0.00872062,0.0261618,0.00872062,0.0261618,0.00872062
86,6132.2,0.86546,0.60997,1.07485,0.89022,0.75067,0.79674,0.46012,1.46359,0.72465,1.45639,0.0261162,0.00870538,0.0261162,0.00870538,0.0261162,0.00870538,0.0261162,0.00870538
87,6203.15,0.85763,0.60607,1.07049,0.85124,0.72669,0.76075,0.44585,1.50184,0.74309,1.49487,0.0260705,0.00869015,0.0260705,0.00869015,0.0260705,0.00869015,0.0260705,0.00869015
88,6273.78,0.848,0.60487,1.06998,0.87105,0.72626,0.76948,0.43148,1.54076,0.76061,1.5057,0.0260248,0.00867492,0.0260248,0.00867492,0.0260248,0.00867492,0.0260248,0.00867492
89,6344.79,0.84793,0.60083,1.07352,0.85275,0.7256,0.7624,0.44324,1.48231,0.74041,1.4533,0.0259791,0.00865969,0.0259791,0.00865969,0.0259791,0.00865969,0.0259791,0.00865969
90,6415.73,0.84644,0.59908,1.06742,0.90278,0.73884,0.79312,0.45816,1.47314,0.70588,1.4462,0.0259334,0.00864446,0.0259334,0.00864446,0.0259334,0.00864446,0.0259334,0.00864446
91,6486.68,0.84742,0.60147,1.07066,0.8912,0.71164,0.7757,0.46507,1.4242,0.72309,1.39463,0.0258877,0.00862923,0.0258877,0.00862923,0.0258877,0.00862923,0.0258877,0.00862923
92,6557.68,0.84888,0.5915,1.06802,0.84758,0.73545,0.77992,0.44545,1.51748,0.72856,1.46879,0.025842,0.008614,0.025842,0.008614,0.025842,0.008614,0.025842,0.008614
93,6628.48,0.84255,0.59367,1.06537,0.88817,0.70237,0.77059,0.43904,1.51651,0.76463,1.47525,0.0257963,0.00859877,0.0257963,0.00859877,0.0257963,0.00859877,0.0257963,0.00859877
94,6699.73,0.8316,0.58381,1.06237,0.90107,0.7346,0.77788,0.45378,1.46197,0.72639,1.44274,0.0257506,0.00858354,0.0257506,0.00858354,0.0257506,0.00858354,0.0257506,0.00858354
95,6770.63,0.84687,0.59148,1.06149,0.88694,0.7188,0.78368,0.45385,1.46523,0.7231,1.44646,0.0257049,0.00856831,0.0257049,0.00856831,0.0257049,0.00856831,0.0257049,0.00856831
96,6841.18,0.83864,0.58817,1.06329,0.88564,0.73394,0.77852,0.46387,1.46686,0.70904,1.44009,0.0256592,0.00855308,0.0256592,0.00855308,0.0256592,0.00855308,0.0256592,0.00855308
97,6911.98,0.83392,0.58657,1.05898,0.88776,0.74912,0.78843,0.47236,1.44381,0.68425,1.41553,0.0256135,0.00853785,0.0256135,0.00853785,0.0256135,0.00853785,0.0256135,0.00853785
98,6982.99,0.83036,0.58578,1.05917,0.89081,0.74446,0.78323,0.45553,1.49394,0.73313,1.46387,0.0255678,0.00852262,0.0255678,0.00852262,0.0255678,0.00852262,0.0255678,0.00852262
99,7054.13,0.82573,0.5828,1.05608,0.87961,0.73524,0.78713,0.46941,1.4324,0.68903,1.42056,0.0255222,0.00850738,0.0255222,0.00850738,0.0255222,0.00850738,0.0255222,0.00850738
100,7125.02,0.82391,0.58118,1.05667,0.84454,0.73946,0.76504,0.46648,1.42426,0.70056,1.42169,0.0254765,0.00849215,0.0254765,0.00849215,0.0254765,0.00849215,0.0254765,0.00849215
101,7195.77,0.8309,0.58073,1.05624,0.87523,0.71897,0.76947,0.46066,1.46506,0.71494,1.44417,0.0254308,0.00847692,0.0254308,0.00847692,0.0254308,0.00847692,0.0254308,0.00847692
102,7266.41,0.82285,0.5755,1.05666,0.88469,0.72451,0.78209,0.46465,1.43647,0.69496,1.45683,0.0253851,0.00846169,0.0253851,0.00846169,0.0253851,0.00846169,0.0253851,0.00846169
103,7337.14,0.82498,0.57757,1.05581,0.88053,0.7182,0.77361,0.45322,1.48382,0.74486,1.46384,0.0253394,0.00844646,0.0253394,0.00844646,0.0253394,0.00844646,0.0253394,0.00844646
104,7408.38,0.81598,0.57141,1.05114,0.8998,0.75022,0.79851,0.47475,1.42382,0.68398,1.40986,0.0252937,0.00843123,0.0252937,0.00843123,0.0252937,0.00843123,0.0252937,0.00843123
105,7479.66,0.82577,0.58156,1.05462,0.86943,0.74118,0.7839,0.45697,1.49373,0.70207,1.47888,0.025248,0.008416,0.025248,0.008416,0.025248,0.008416,0.025248,0.008416
106,7550.65,0.81455,0.56651,1.04921,0.86516,0.72709,0.78617,0.46954,1.42963,0.67942,1.4303,0.0252023,0.00840077,0.0252023,0.00840077,0.0252023,0.00840077,0.0252023,0.00840077
107,7621.58,0.814,0.57161,1.04751,0.89681,0.72042,0.7865,0.47872,1.40649,0.68716,1.40742,0.0251566,0.00838554,0.0251566,0.00838554,0.0251566,0.00838554,0.0251566,0.00838554
108,7692.81,0.81679,0.56828,1.04985,0.89794,0.71259,0.78706,0.46809,1.47404,0.69442,1.44433,0.0251109,0.00837031,0.0251109,0.00837031,0.0251109,0.00837031,0.0251109,0.00837031
109,7763.95,0.81408,0.56591,1.0465,0.86598,0.73625,0.78835,0.47202,1.44509,0.71661,1.41707,0.0250652,0.00835508,0.0250652,0.00835508,0.0250652,0.00835508,0.0250652,0.00835508
110,7834.77,0.81433,0.57213,1.05022,0.86829,0.74684,0.78714,0.4695,1.45246,0.68985,1.42922,0.0250195,0.00833985,0.0250195,0.00833985,0.0250195,0.00833985,0.0250195,0.00833985
111,7905.9,0.81507,0.5648,1.04708,0.8775,0.73044,0.77721,0.464,1.46103,0.70479,1.45691,0.0249738,0.00832462,0.0249738,0.00832462,0.0249738,0.00832462,0.0249738,0.00832462
112,7976.95,0.81455,0.56396,1.04731,0.83401,0.75227,0.78572,0.46665,1.46796,0.69785,1.47501,0.0249282,0.00830938,0.0249282,0.00830938,0.0249282,0.00830938,0.0249282,0.00830938
113,8047.62,0.80329,0.55967,1.04284,0.88232,0.7219,0.77933,0.46049,1.49423,0.72183,1.47252,0.0248825,0.00829415,0.0248825,0.00829415,0.0248825,0.00829415,0.0248825,0.00829415
114,8118.46,0.81448,0.56798,1.04692,0.87215,0.74122,0.78582,0.46555,1.4582,0.72112,1.43254,0.0248368,0.00827892,0.0248368,0.00827892,0.0248368,0.00827892,0.0248368,0.00827892
115,8189.16,0.81094,0.56044,1.04314,0.84349,0.74429,0.77981,0.46163,1.46625,0.70855,1.45732,0.0247911,0.00826369,0.0247911,0.00826369,0.0247911,0.00826369,0.0247911,0.00826369
116,8260.16,0.80487,0.55871,1.04433,0.86566,0.74111,0.78438,0.46654,1.47354,0.7042,1.465,0.0247454,0.00824846,0.0247454,0.00824846,0.0247454,0.00824846,0.0247454,0.00824846
117,8331,0.80797,0.56005,1.04175,0.89667,0.7229,0.78676,0.46538,1.49231,0.69405,1.46662,0.0246997,0.00823323,0.0246997,0.00823323,0.0246997,0.00823323,0.0246997,0.00823323
118,8402.01,0.80183,0.55558,1.03707,0.8939,0.73533,0.79355,0.46879,1.49521,0.69381,1.47273,0.024654,0.008218,0.024654,0.008218,0.024654,0.008218,0.024654,0.008218
119,8472.93,0.80305,0.55227,1.03951,0.88516,0.72761,0.77703,0.4616,1.47123,0.69275,1.47029,0.0246083,0.00820277,0.0246083,0.00820277,0.0246083,0.00820277,0.0246083,0.00820277
120,8543.71,0.79135,0.55064,1.03626,0.89877,0.73004,0.79177,0.4671,1.47903,0.69133,1.48725,0.0245626,0.00818754,0.0245626,0.00818754,0.0245626,0.00818754,0.0245626,0.00818754
121,8614.49,0.79911,0.5531,1.03807,0.89317,0.72571,0.78252,0.47741,1.45022,0.69996,1.45538,0.0245169,0.00817231,0.0245169,0.00817231,0.0245169,0.00817231,0.0245169,0.00817231
122,8685.64,0.79152,0.54811,1.03626,0.87979,0.71937,0.77542,0.47245,1.469,0.71972,1.47102,0.0244712,0.00815708,0.0244712,0.00815708,0.0244712,0.00815708,0.0244712,0.00815708
123,8756.37,0.79602,0.55173,1.03619,0.89467,0.716,0.79158,0.47687,1.43494,0.67306,1.43825,0.0244255,0.00814185,0.0244255,0.00814185,0.0244255,0.00814185,0.0244255,0.00814185
124,8827.23,0.79671,0.5501,1.03876,0.86827,0.72703,0.77842,0.4781,1.41117,0.67495,1.42069,0.0243798,0.00812662,0.0243798,0.00812662,0.0243798,0.00812662,0.0243798,0.00812662
125,8897.91,0.78624,0.54296,1.03089,0.85394,0.74209,0.7767,0.4677,1.47598,0.68148,1.47705,0.0243342,0.00811138,0.0243342,0.00811138,0.0243342,0.00811138,0.0243342,0.00811138
126,8968.89,0.78427,0.53905,1.03365,0.84931,0.75274,0.787,0.47031,1.44301,0.68154,1.44186,0.0242885,0.00809615,0.0242885,0.00809615,0.0242885,0.00809615,0.0242885,0.00809615
127,9039.56,0.79182,0.54317,1.03704,0.84761,0.75812,0.79005,0.47301,1.45025,0.69152,1.45987,0.0242428,0.00808092,0.0242428,0.00808092,0.0242428,0.00808092,0.0242428,0.00808092
128,9110.65,0.77996,0.53632,1.02898,0.88737,0.73763,0.7901,0.46382,1.47138,0.69023,1.46839,0.0241971,0.00806569,0.0241971,0.00806569,0.0241971,0.00806569,0.0241971,0.00806569
129,9181.28,0.7872,0.54361,1.03131,0.89233,0.73879,0.8058,0.47673,1.45832,0.66509,1.46272,0.0241514,0.00805046,0.0241514,0.00805046,0.0241514,0.00805046,0.0241514,0.00805046
130,9252.41,0.78107,0.53856,1.03328,0.87621,0.73652,0.79342,0.46138,1.49461,0.68588,1.47998,0.0241057,0.00803523,0.0241057,0.00803523,0.0241057,0.00803523,0.0241057,0.00803523
131,9323.23,0.78285,0.54086,1.02903,0.88895,0.74376,0.79017,0.48127,1.41746,0.65999,1.4203,0.02406,0.00802,0.02406,0.00802,0.02406,0.00802,0.02406,0.00802
132,9394.72,0.78235,0.53851,1.02731,0.86481,0.75758,0.79041,0.47361,1.42955,0.6583,1.44546,0.0240143,0.00800477,0.0240143,0.00800477,0.0240143,0.00800477,0.0240143,0.00800477
133,9465.66,0.77878,0.53853,1.02564,0.86849,0.75782,0.79752,0.48274,1.42664,0.65085,1.43638,0.0239686,0.00798954,0.0239686,0.00798954,0.0239686,0.00798954,0.0239686,0.00798954
134,9536.81,0.77736,0.53463,1.03047,0.87808,0.74268,0.79297,0.47343,1.46118,0.68188,1.45331,0.0239229,0.00797431,0.0239229,0.00797431,0.0239229,0.00797431,0.0239229,0.00797431
135,9607.79,0.77484,0.53409,1.02538,0.88999,0.75037,0.80542,0.48048,1.44686,0.67746,1.44597,0.0238772,0.00795908,0.0238772,0.00795908,0.0238772,0.00795908,0.0238772,0.00795908
136,9678.5,0.77438,0.53454,1.02408,0.86665,0.76985,0.79904,0.4868,1.41249,0.66093,1.4128,0.0238315,0.00794385,0.0238315,0.00794385,0.0238315,0.00794385,0.0238315,0.00794385
137,9749.6,0.77632,0.53457,1.02463,0.87122,0.75148,0.78357,0.47501,1.45255,0.66885,1.44372,0.0237858,0.00792862,0.0237858,0.00792862,0.0237858,0.00792862,0.0237858,0.00792862
138,9820.34,0.77127,0.53121,1.02456,0.85155,0.77019,0.78878,0.47789,1.44103,0.66717,1.45178,0.0237402,0.00791338,0.0237402,0.00791338,0.0237402,0.00791338,0.0237402,0.00791338
139,9890.97,0.7743,0.53575,1.02842,0.88934,0.74791,0.78895,0.49061,1.4202,0.67174,1.43264,0.0236945,0.00789815,0.0236945,0.00789815,0.0236945,0.00789815,0.0236945,0.00789815
140,9962.34,0.76906,0.52692,1.02264,0.88406,0.76517,0.80734,0.4897,1.42139,0.66057,1.45037,0.0236488,0.00788292,0.0236488,0.00788292,0.0236488,0.00788292,0.0236488,0.00788292
141,10033.2,0.76694,0.52546,1.02489,0.88117,0.74989,0.78903,0.48575,1.41122,0.66654,1.44633,0.0236031,0.00786769,0.0236031,0.00786769,0.0236031,0.00786769,0.0236031,0.00786769
142,10103.9,0.76693,0.52231,1.02084,0.8823,0.74712,0.78587,0.48112,1.42843,0.67809,1.45104,0.0235574,0.00785246,0.0235574,0.00785246,0.0235574,0.00785246,0.0235574,0.00785246
143,10174.8,0.76375,0.52438,1.01773,0.87433,0.74361,0.78573,0.47581,1.44144,0.66668,1.46766,0.0235117,0.00783723,0.0235117,0.00783723,0.0235117,0.00783723,0.0235117,0.00783723
144,10245.4,0.76398,0.52035,1.02345,0.88542,0.7368,0.79414,0.48217,1.42126,0.64693,1.44757,0.023466,0.007822,0.023466,0.007822,0.023466,0.007822,0.023466,0.007822
145,10316,0.76388,0.52613,1.02008,0.87196,0.74277,0.78864,0.48669,1.39607,0.65848,1.42709,0.0234203,0.00780677,0.0234203,0.00780677,0.0234203,0.00780677,0.0234203,0.00780677
146,10386.9,0.75689,0.52173,1.01973,0.89298,0.74188,0.79532,0.48981,1.38007,0.64392,1.42368,0.0233746,0.00779154,0.0233746,0.00779154,0.0233746,0.00779154,0.0233746,0.00779154
147,10457.7,0.75753,0.51712,1.01783,0.89837,0.74647,0.80403,0.48833,1.37312,0.64399,1.41722,0.0233289,0.00777631,0.0233289,0.00777631,0.0233289,0.00777631,0.0233289,0.00777631
148,10528.2,0.76086,0.51761,1.01904,0.89546,0.7532,0.80577,0.48851,1.37984,0.64445,1.41083,0.0232832,0.00776108,0.0232832,0.00776108,0.0232832,0.00776108,0.0232832,0.00776108
149,10599.2,0.75337,0.52181,1.01467,0.912,0.74915,0.80662,0.48682,1.39072,0.65936,1.42407,0.0232375,0.00774585,0.0232375,0.00774585,0.0232375,0.00774585,0.0232375,0.00774585
150,10669.9,0.75348,0.51461,1.01359,0.89542,0.75551,0.81301,0.4883,1.40237,0.65897,1.42715,0.0231918,0.00773062,0.0231918,0.00773062,0.0231918,0.00773062,0.0231918,0.00773062
151,10740.5,0.76027,0.51406,1.01211,0.87096,0.74304,0.78928,0.4845,1.40987,0.66441,1.42127,0.0231462,0.00771538,0.0231462,0.00771538,0.0231462,0.00771538,0.0231462,0.00771538
152,10811.2,0.74369,0.50722,1.01361,0.88727,0.75427,0.80427,0.49123,1.39112,0.65678,1.4169,0.0231005,0.00770015,0.0231005,0.00770015,0.0231005,0.00770015,0.0231005,0.00770015
153,10882,0.76128,0.51849,1.0191,0.89389,0.73462,0.79518,0.4928,1.37786,0.65448,1.40697,0.0230548,0.00768492,0.0230548,0.00768492,0.0230548,0.00768492,0.0230548,0.00768492
154,10953,0.75456,0.51476,1.01639,0.8989,0.75014,0.79532,0.49805,1.33711,0.63846,1.38043,0.0230091,0.00766969,0.0230091,0.00766969,0.0230091,0.00766969,0.0230091,0.00766969
155,11023.7,0.75575,0.51263,1.01537,0.89396,0.75401,0.80333,0.49404,1.36416,0.64621,1.40159,0.0229634,0.00765446,0.0229634,0.00765446,0.0229634,0.00765446,0.0229634,0.00765446
156,11094.4,0.75012,0.51319,1.01267,0.86538,0.77516,0.80478,0.49869,1.34317,0.63568,1.39213,0.0229177,0.00763923,0.0229177,0.00763923,0.0229177,0.00763923,0.0229177,0.00763923
157,11165.3,0.74088,0.50369,1.00863,0.88202,0.77026,0.80933,0.49538,1.36638,0.6368,1.41511,0.022872,0.007624,0.022872,0.007624,0.022872,0.007624,0.022872,0.007624
158,11236,0.74876,0.51041,1.00842,0.88439,0.76345,0.80805,0.4969,1.34794,0.62805,1.39417,0.0228263,0.00760877,0.0228263,0.00760877,0.0228263,0.00760877,0.0228263,0.00760877
159,11306.8,0.74618,0.50556,1.01037,0.91464,0.75766,0.81776,0.49935,1.34731,0.62296,1.3859,0.0227806,0.00759354,0.0227806,0.00759354,0.0227806,0.00759354,0.0227806,0.00759354
160,11377.9,0.74772,0.50963,1.01237,0.9135,0.76664,0.82867,0.50151,1.36695,0.62455,1.39614,0.0227349,0.00757831,0.0227349,0.00757831,0.0227349,0.00757831,0.0227349,0.00757831
161,11449.1,0.74408,0.5054,1.00666,0.90106,0.76677,0.8253,0.49822,1.35956,0.62962,1.39077,0.0226892,0.00756308,0.0226892,0.00756308,0.0226892,0.00756308,0.0226892,0.00756308
162,11519.6,0.74711,0.50703,1.01259,0.90511,0.76254,0.82602,0.49954,1.36304,0.62143,1.39198,0.0226435,0.00754785,0.0226435,0.00754785,0.0226435,0.00754785,0.0226435,0.00754785
163,11590,0.74081,0.50604,1.00967,0.89066,0.75874,0.81727,0.49559,1.36998,0.63718,1.39123,0.0225978,0.00753262,0.0225978,0.00753262,0.0225978,0.00753262,0.0225978,0.00753262
164,11660.7,0.74184,0.50982,1.01085,0.89318,0.75013,0.81421,0.49461,1.37613,0.63134,1.39843,0.0225522,0.00751738,0.0225522,0.00751738,0.0225522,0.00751738,0.0225522,0.00751738
165,11731.5,0.73768,0.50192,1.00637,0.89142,0.75249,0.80476,0.49142,1.38986,0.63598,1.41143,0.0225065,0.00750215,0.0225065,0.00750215,0.0225065,0.00750215,0.0225065,0.00750215
166,11802.4,0.74211,0.50692,1.01444,0.88877,0.75444,0.79751,0.49136,1.38498,0.63618,1.40176,0.0224608,0.00748692,0.0224608,0.00748692,0.0224608,0.00748692,0.0224608,0.00748692
167,11873,0.74347,0.5054,1.00671,0.88644,0.75008,0.79888,0.49263,1.38252,0.6284,1.39922,0.0224151,0.00747169,0.0224151,0.00747169,0.0224151,0.00747169,0.0224151,0.00747169
168,11943.9,0.73869,0.4984,1.0046,0.86063,0.76514,0.80378,0.49593,1.37306,0.62955,1.39585,0.0223694,0.00745646,0.0223694,0.00745646,0.0223694,0.00745646,0.0223694,0.00745646
169,12014.8,0.73192,0.49785,1.00385,0.88096,0.76987,0.80915,0.50311,1.36506,0.60611,1.38827,0.0223237,0.00744123,0.0223237,0.00744123,0.0223237,0.00744123,0.0223237,0.00744123
170,12086,0.73251,0.50168,1.0067,0.87111,0.78157,0.81278,0.50458,1.35608,0.61647,1.3809,0.022278,0.007426,0.022278,0.007426,0.022278,0.007426,0.022278,0.007426
171,12156.9,0.74106,0.50085,1.0048,0.90643,0.75114,0.80821,0.50473,1.35474,0.62172,1.38667,0.0222323,0.00741077,0.0222323,0.00741077,0.0222323,0.00741077,0.0222323,0.00741077
172,12228.4,0.72908,0.4959,1.00255,0.88125,0.77334,0.81752,0.50612,1.34244,0.61879,1.37955,0.0221866,0.00739554,0.0221866,0.00739554,0.0221866,0.00739554,0.0221866,0.00739554
173,12299.4,0.73343,0.49752,1.00596,0.91188,0.75308,0.81539,0.50785,1.35022,0.61501,1.38208,0.0221409,0.00738031,0.0221409,0.00738031,0.0221409,0.00738031,0.0221409,0.00738031
174,12370.5,0.72999,0.49457,1.00207,0.89554,0.75901,0.80949,0.5037,1.35302,0.62417,1.37724,0.0220952,0.00736508,0.0220952,0.00736508,0.0220952,0.00736508,0.0220952,0.00736508
175,12441.1,0.72969,0.49547,1.00329,0.89983,0.75415,0.80677,0.5046,1.34461,0.62621,1.37705,0.0220495,0.00734985,0.0220495,0.00734985,0.0220495,0.00734985,0.0220495,0.00734985
176,12512,0.72702,0.49551,1.00555,0.90193,0.75729,0.81026,0.50326,1.3503,0.63454,1.3825,0.0220038,0.00733462,0.0220038,0.00733462,0.0220038,0.00733462,0.0220038,0.00733462
177,12582.5,0.72463,0.49442,1.00149,0.87248,0.76885,0.80409,0.49914,1.35229,0.64009,1.3857,0.0219582,0.00731938,0.0219582,0.00731938,0.0219582,0.00731938,0.0219582,0.00731938
178,12653.1,0.72691,0.49334,1.0018,0.90873,0.7466,0.80566,0.50388,1.33963,0.64317,1.38147,0.0219125,0.00730415,0.0219125,0.00730415,0.0219125,0.00730415,0.0219125,0.00730415
179,12723.8,0.72731,0.49394,0.99911,0.90645,0.74582,0.80309,0.50362,1.34103,0.64416,1.38307,0.0218668,0.00728892,0.0218668,0.00728892,0.0218668,0.00728892,0.0218668,0.00728892
180,12794.4,0.72802,0.48945,0.99806,0.87545,0.77195,0.80424,0.50194,1.34663,0.64291,1.39505,0.0218211,0.00727369,0.0218211,0.00727369,0.0218211,0.00727369,0.0218211,0.00727369
181,12865,0.72895,0.49285,1.00047,0.89847,0.75243,0.80022,0.5005,1.36024,0.64749,1.4061,0.0217754,0.00725846,0.0217754,0.00725846,0.0217754,0.00725846,0.0217754,0.00725846
182,12935.9,0.72444,0.48911,0.99831,0.90246,0.75375,0.80383,0.50017,1.35598,0.6343,1.40469,0.0217297,0.00724323,0.0217297,0.00724323,0.0217297,0.00724323,0.0217297,0.00724323
183,13007,0.7222,0.48931,0.99588,0.89689,0.7459,0.80204,0.49476,1.3541,0.63831,1.40895,0.021684,0.007228,0.021684,0.007228,0.021684,0.007228,0.021684,0.007228
184,13077.9,0.72136,0.48666,0.99394,0.88212,0.76263,0.80352,0.49986,1.35351,0.63794,1.40991,0.0216383,0.00721277,0.0216383,0.00721277,0.0216383,0.00721277,0.0216383,0.00721277
185,13149,0.72425,0.48558,0.99942,0.89282,0.74367,0.79514,0.49837,1.35869,0.63515,1.40884,0.0215926,0.00719754,0.0215926,0.00719754,0.0215926,0.00719754,0.0215926,0.00719754
186,13219.8,0.71909,0.48577,0.9978,0.85709,0.76872,0.79722,0.49912,1.35967,0.63244,1.4076,0.0215469,0.00718231,0.0215469,0.00718231,0.0215469,0.00718231,0.0215469,0.00718231
187,13290.3,0.71998,0.48757,0.99753,0.86625,0.76841,0.8023,0.49908,1.36168,0.63742,1.40304,0.0215012,0.00716708,0.0215012,0.00716708,0.0215012,0.00716708,0.0215012,0.00716708
188,13361,0.71557,0.48639,0.99515,0.86634,0.76923,0.79992,0.50157,1.35462,0.63359,1.39966,0.0214555,0.00715185,0.0214555,0.00715185,0.0214555,0.00715185,0.0214555,0.00715185
189,13431.8,0.72181,0.4842,0.99657,0.86556,0.76929,0.80846,0.50385,1.3506,0.62974,1.398,0.0214098,0.00713662,0.0214098,0.00713662,0.0214098,0.00713662,0.0214098,0.00713662
190,13502.8,0.71717,0.48072,0.99422,0.87306,0.75632,0.80255,0.50597,1.348,0.63511,1.40258,0.0213642,0.00712138,0.0213642,0.00712138,0.0213642,0.00712138,0.0213642,0.00712138
191,13573.4,0.71321,0.48108,0.99354,0.88563,0.75134,0.80694,0.50339,1.34993,0.63726,1.40104,0.0213185,0.00710615,0.0213185,0.00710615,0.0213185,0.00710615,0.0213185,0.00710615
192,13643.7,0.7117,0.48407,0.99532,0.9018,0.74179,0.8068,0.50399,1.35461,0.63785,1.40706,0.0212728,0.00709092,0.0212728,0.00709092,0.0212728,0.00709092,0.0212728,0.00709092
193,13714.4,0.7156,0.47776,0.99112,0.8956,0.74113,0.80704,0.50328,1.36063,0.63976,1.40975,0.0212271,0.00707569,0.0212271,0.00707569,0.0212271,0.00707569,0.0212271,0.00707569
194,13785.1,0.71488,0.47989,0.99421,0.88473,0.75546,0.80666,0.50304,1.3622,0.64328,1.41222,0.0211814,0.00706046,0.0211814,0.00706046,0.0211814,0.00706046,0.0211814,0.00706046
195,13855.6,0.71439,0.48117,0.99359,0.88433,0.76323,0.81253,0.5028,1.35925,0.6362,1.41484,0.0211357,0.00704523,0.0211357,0.00704523,0.0211357,0.00704523,0.0211357,0.00704523
196,13926.4,0.71644,0.48158,0.99529,0.8979,0.75938,0.81969,0.50884,1.35288,0.6268,1.41187,0.02109,0.00703,0.02109,0.00703,0.02109,0.00703,0.02109,0.00703
197,13997.6,0.71645,0.48416,0.99284,0.87848,0.7716,0.81699,0.50813,1.35861,0.63214,1.41196,0.0210443,0.00701477,0.0210443,0.00701477,0.0210443,0.00701477,0.0210443,0.00701477
198,14068.2,0.71102,0.4808,0.9922,0.87391,0.77525,0.81562,0.50765,1.36319,0.633,1.41525,0.0209986,0.00699954,0.0209986,0.00699954,0.0209986,0.00699954,0.0209986,0.00699954
199,14139,0.70281,0.48026,0.98972,0.89766,0.75662,0.8186,0.50556,1.3673,0.62919,1.41782,0.0209529,0.00698431,0.0209529,0.00698431,0.0209529,0.00698431,0.0209529,0.00698431
200,14209.6,0.7127,0.48001,0.9881,0.90141,0.76289,0.81913,0.50256,1.37248,0.63002,1.42215,0.0209072,0.00696908,0.0209072,0.00696908,0.0209072,0.00696908,0.0209072,0.00696908
201,14280.3,0.70188,0.47215,0.98726,0.88807,0.77045,0.81624,0.50536,1.36538,0.62865,1.41665,0.0208615,0.00695385,0.0208615,0.00695385,0.0208615,0.00695385,0.0208615,0.00695385
202,14350.8,0.70513,0.47637,0.989,0.90284,0.75819,0.81169,0.50637,1.35748,0.62658,1.41228,0.0208158,0.00693862,0.0208158,0.00693862,0.0208158,0.00693862,0.0208158,0.00693862
203,14421.2,0.70516,0.47992,0.99285,0.90052,0.75821,0.81069,0.50694,1.35388,0.62871,1.40718,0.0207702,0.00692338,0.0207702,0.00692338,0.0207702,0.00692338,0.0207702,0.00692338
204,14491.7,0.70168,0.4752,0.98836,0.89922,0.75935,0.81281,0.5091,1.34834,0.62298,1.401,0.0207245,0.00690815,0.0207245,0.00690815,0.0207245,0.00690815,0.0207245,0.00690815
205,14562.7,0.69888,0.4718,0.9855,0.88571,0.78005,0.8209,0.50925,1.34411,0.6171,1.39927,0.0206788,0.00689292,0.0206788,0.00689292,0.0206788,0.00689292,0.0206788,0.00689292
206,14633.4,0.70533,0.47649,0.98718,0.89572,0.76726,0.82003,0.50969,1.34563,0.62427,1.39521,0.0206331,0.00687769,0.0206331,0.00687769,0.0206331,0.00687769,0.0206331,0.00687769
207,14704.3,0.70475,0.47648,0.99013,0.88341,0.7689,0.8147,0.50755,1.34709,0.62874,1.39614,0.0205874,0.00686246,0.0205874,0.00686246,0.0205874,0.00686246,0.0205874,0.00686246
208,14775.3,0.70264,0.472,0.98738,0.87054,0.77125,0.81182,0.50555,1.34701,0.63138,1.40149,0.0205417,0.00684723,0.0205417,0.00684723,0.0205417,0.00684723,0.0205417,0.00684723
209,14846.3,0.69902,0.4686,0.98307,0.87643,0.77365,0.81311,0.50585,1.34433,0.63067,1.39954,0.020496,0.006832,0.020496,0.006832,0.020496,0.006832,0.020496,0.006832
210,14917.2,0.69698,0.46814,0.98628,0.87317,0.77735,0.81079,0.50554,1.34477,0.63188,1.39891,0.0204503,0.00681677,0.0204503,0.00681677,0.0204503,0.00681677,0.0204503,0.00681677
211,14988.4,0.70427,0.4719,0.98662,0.87153,0.77664,0.80915,0.50614,1.34732,0.62976,1.39976,0.0204046,0.00680154,0.0204046,0.00680154,0.0204046,0.00680154,0.0204046,0.00680154
212,15059.2,0.69783,0.46858,0.98305,0.86946,0.77816,0.81351,0.50569,1.33631,0.62835,1.39183,0.0203589,0.00678631,0.0203589,0.00678631,0.0203589,0.00678631,0.0203589,0.00678631
213,15129.9,0.69634,0.46935,0.98312,0.87497,0.76973,0.81226,0.50406,1.3385,0.62863,1.39439,0.0203132,0.00677108,0.0203132,0.00677108,0.0203132,0.00677108,0.0203132,0.00677108
214,15200.8,0.69911,0.4687,0.98784,0.87873,0.7688,0.81215,0.50607,1.33877,0.62455,1.39534,0.0202675,0.00675585,0.0202675,0.00675585,0.0202675,0.00675585,0.0202675,0.00675585
215,15271.9,0.69431,0.46921,0.98381,0.87626,0.76809,0.81166,0.50427,1.3385,0.62629,1.39565,0.0202218,0.00674062,0.0202218,0.00674062,0.0202218,0.00674062,0.0202218,0.00674062
216,15342.7,0.70206,0.46783,0.98341,0.88239,0.76357,0.81056,0.50518,1.34267,0.62817,1.39912,0.0201762,0.00672538,0.0201762,0.00672538,0.0201762,0.00672538,0.0201762,0.00672538
217,15413.1,0.69551,0.46816,0.9842,0.88703,0.75479,0.81235,0.50486,1.35144,0.62955,1.41177,0.0201305,0.00671015,0.0201305,0.00671015,0.0201305,0.00671015,0.0201305,0.00671015
218,15483.8,0.69409,0.46925,0.98137,0.87762,0.75902,0.80788,0.50274,1.35631,0.63543,1.41639,0.0200848,0.00669492,0.0200848,0.00669492,0.0200848,0.00669492,0.0200848,0.00669492
219,15554.4,0.69406,0.46692,0.98179,0.87369,0.75615,0.80834,0.50149,1.35658,0.63796,1.41748,0.0200391,0.00667969,0.0200391,0.00667969,0.0200391,0.00667969,0.0200391,0.00667969
220,15625.1,0.69166,0.46374,0.98191,0.87468,0.75651,0.80966,0.50517,1.35281,0.63392,1.41505,0.0199934,0.00666446,0.0199934,0.00666446,0.0199934,0.00666446,0.0199934,0.00666446
221,15695.9,0.68747,0.4643,0.98019,0.89023,0.74486,0.81014,0.50419,1.35767,0.63606,1.41897,0.0199477,0.00664923,0.0199477,0.00664923,0.0199477,0.00664923,0.0199477,0.00664923
222,15766.8,0.69061,0.4656,0.98222,0.89083,0.74513,0.81087,0.50387,1.35792,0.63762,1.41774,0.019902,0.006634,0.019902,0.006634,0.019902,0.006634,0.019902,0.006634
223,15837.6,0.69032,0.46292,0.97865,0.89477,0.74876,0.81011,0.50494,1.35119,0.63637,1.41162,0.0198563,0.00661877,0.0198563,0.00661877,0.0198563,0.00661877,0.0198563,0.00661877
224,15908.5,0.68626,0.46166,0.98186,0.8925,0.75182,0.81363,0.50781,1.35064,0.63214,1.41274,0.0198106,0.00660354,0.0198106,0.00660354,0.0198106,0.00660354,0.0198106,0.00660354
225,15979.8,0.68301,0.4587,0.98093,0.88914,0.75595,0.81229,0.50703,1.34994,0.62841,1.41487,0.0197649,0.00658831,0.0197649,0.00658831,0.0197649,0.00658831,0.0197649,0.00658831
226,16051,0.6868,0.45749,0.97884,0.88056,0.76495,0.81491,0.50584,1.35056,0.62982,1.41473,0.0197192,0.00657308,0.0197192,0.00657308,0.0197192,0.00657308,0.0197192,0.00657308
227,16121.4,0.68622,0.46132,0.97882,0.8966,0.75246,0.81458,0.50755,1.35034,0.63067,1.41492,0.0196735,0.00655785,0.0196735,0.00655785,0.0196735,0.00655785,0.0196735,0.00655785
228,16192.2,0.68494,0.46031,0.98034,0.89082,0.74991,0.81286,0.50857,1.34799,0.63029,1.41324,0.0196278,0.00654262,0.0196278,0.00654262,0.0196278,0.00654262,0.0196278,0.00654262
229,16263.2,0.68281,0.45679,0.97786,0.8804,0.76788,0.81717,0.5083,1.35234,0.63144,1.41625,0.0195822,0.00652738,0.0195822,0.00652738,0.0195822,0.00652738,0.0195822,0.00652738
230,16333.8,0.67929,0.45613,0.97341,0.86898,0.77333,0.81435,0.50724,1.3533,0.63231,1.41777,0.0195365,0.00651215,0.0195365,0.00651215,0.0195365,0.00651215,0.0195365,0.00651215
231,16404.1,0.67441,0.45657,0.97666,0.8722,0.77937,0.81674,0.5097,1.35132,0.63693,1.41586,0.0194908,0.00649692,0.0194908,0.00649692,0.0194908,0.00649692,0.0194908,0.00649692
232,16475.6,0.68083,0.45998,0.9767,0.87197,0.78258,0.81703,0.51006,1.34555,0.63581,1.41141,0.0194451,0.00648169,0.0194451,0.00648169,0.0194451,0.00648169,0.0194451,0.00648169
233,16546.5,0.68093,0.45667,0.97507,0.87197,0.7845,0.8168,0.51159,1.34502,0.63557,1.41005,0.0193994,0.00646646,0.0193994,0.00646646,0.0193994,0.00646646,0.0193994,0.00646646
234,16617.4,0.6794,0.45592,0.97846,0.8755,0.78054,0.81502,0.51101,1.34235,0.63423,1.40723,0.0193537,0.00645123,0.0193537,0.00645123,0.0193537,0.00645123,0.0193537,0.00645123
235,16688.1,0.67858,0.45376,0.9791,0.87749,0.77861,0.81679,0.51065,1.34063,0.63037,1.40794,0.019308,0.006436,0.019308,0.006436,0.019308,0.006436,0.019308,0.006436
236,16759.1,0.68561,0.45753,0.97535,0.88014,0.77258,0.81394,0.50837,1.33727,0.6287,1.40602,0.0192623,0.00642077,0.0192623,0.00642077,0.0192623,0.00642077,0.0192623,0.00642077
237,16829.7,0.67666,0.45243,0.97475,0.85983,0.77641,0.80486,0.50845,1.33609,0.62839,1.40491,0.0192166,0.00640554,0.0192166,0.00640554,0.0192166,0.00640554,0.0192166,0.00640554
238,16900.3,0.67736,0.45327,0.97448,0.86623,0.7777,0.80621,0.5102,1.33613,0.62814,1.40391,0.0191709,0.00639031,0.0191709,0.00639031,0.0191709,0.00639031,0.0191709,0.00639031
239,16971,0.68049,0.45489,0.97467,0.87246,0.77031,0.80665,0.50803,1.33543,0.62476,1.40333,0.0191252,0.00637508,0.0191252,0.00637508,0.0191252,0.00637508,0.0191252,0.00637508
240,17041.7,0.67082,0.44967,0.97264,0.87191,0.76588,0.8014,0.50783,1.33373,0.62231,1.40125,0.0190795,0.00635985,0.0190795,0.00635985,0.0190795,0.00635985,0.0190795,0.00635985
241,17112.1,0.67282,0.45283,0.97687,0.87034,0.76848,0.80109,0.50888,1.32996,0.62377,1.39822,0.0190338,0.00634462,0.0190338,0.00634462,0.0190338,0.00634462,0.0190338,0.00634462
242,17183,0.67252,0.44735,0.96975,0.88719,0.75664,0.79929,0.50976,1.32936,0.62414,1.39593,0.0189882,0.00632938,0.0189882,0.00632938,0.0189882,0.00632938,0.0189882,0.00632938
243,17253.9,0.67137,0.45033,0.97147,0.89284,0.75278,0.79934,0.50779,1.32959,0.62546,1.394,0.0189425,0.00631415,0.0189425,0.00631415,0.0189425,0.00631415,0.0189425,0.00631415
244,17324.8,0.67862,0.45083,0.97553,0.89295,0.75281,0.79946,0.50672,1.33091,0.62827,1.39411,0.0188968,0.00629892,0.0188968,0.00629892,0.0188968,0.00629892,0.0188968,0.00629892
245,17395.7,0.66663,0.4498,0.97102,0.89114,0.75258,0.79915,0.50602,1.33084,0.63016,1.39532,0.0188511,0.00628369,0.0188511,0.00628369,0.0188511,0.00628369,0.0188511,0.00628369
246,17467,0.66596,0.44798,0.968,0.88148,0.76516,0.80072,0.50709,1.32778,0.62969,1.39491,0.0188054,0.00626846,0.0188054,0.00626846,0.0188054,0.00626846,0.0188054,0.00626846
247,17537.7,0.67487,0.44819,0.97193,0.87851,0.76607,0.80324,0.50887,1.32571,0.63085,1.39334,0.0187597,0.00625323,0.0187597,0.00625323,0.0187597,0.00625323,0.0187597,0.00625323
248,17608.1,0.66427,0.4424,0.96937,0.88319,0.76629,0.80735,0.50928,1.32574,0.6319,1.39454,0.018714,0.006238,0.018714,0.006238,0.018714,0.006238,0.018714,0.006238
249,17678.6,0.66893,0.44535,0.96786,0.88375,0.77069,0.80473,0.50913,1.32655,0.63212,1.39608,0.0186683,0.00622277,0.0186683,0.00622277,0.0186683,0.00622277,0.0186683,0.00622277
250,17749.4,0.67423,0.45119,0.97441,0.88768,0.76664,0.80734,0.50903,1.32609,0.6278,1.39827,0.0186226,0.00620754,0.0186226,0.00620754,0.0186226,0.00620754,0.0186226,0.00620754
251,17820,0.6629,0.44536,0.97115,0.88827,0.77295,0.80841,0.51127,1.32551,0.62953,1.39819,0.0185769,0.00619231,0.0185769,0.00619231,0.0185769,0.00619231,0.0185769,0.00619231
252,17890.7,0.66414,0.44511,0.9692,0.88953,0.76848,0.80997,0.51081,1.32639,0.63084,1.39835,0.0185312,0.00617708,0.0185312,0.00617708,0.0185312,0.00617708,0.0185312,0.00617708
253,17961.6,0.66597,0.45014,0.97012,0.88788,0.7716,0.80939,0.5119,1.32712,0.63068,1.39911,0.0184855,0.00616185,0.0184855,0.00616185,0.0184855,0.00616185,0.0184855,0.00616185
254,18032.6,0.66219,0.44468,0.97166,0.89191,0.77012,0.81161,0.51037,1.32972,0.63091,1.40266,0.0184398,0.00614662,0.0184398,0.00614662,0.0184398,0.00614662,0.0184398,0.00614662
255,18103.4,0.66592,0.4427,0.97006,0.89474,0.76919,0.81318,0.50966,1.32925,0.62913,1.4015,0.0183942,0.00613138,0.0183942,0.00613138,0.0183942,0.00613138,0.0183942,0.00613138
256,18173.8,0.6592,0.44316,0.96587,0.90361,0.76078,0.8133,0.50961,1.32965,0.63003,1.4036,0.0183485,0.00611615,0.0183485,0.00611615,0.0183485,0.00611615,0.0183485,0.00611615
257,18244.5,0.66472,0.44425,0.97088,0.90757,0.75767,0.81458,0.50901,1.32861,0.62756,1.40218,0.0183028,0.00610092,0.0183028,0.00610092,0.0183028,0.00610092,0.0183028,0.00610092
258,18315.5,0.66504,0.44213,0.96773,0.9083,0.7573,0.81428,0.51054,1.32902,0.62723,1.403,0.0182571,0.00608569,0.0182571,0.00608569,0.0182571,0.00608569,0.0182571,0.00608569
259,18386,0.65689,0.44128,0.9671,0.90611,0.75835,0.81472,0.50974,1.32712,0.62463,1.40186,0.0182114,0.00607046,0.0182114,0.00607046,0.0182114,0.00607046,0.0182114,0.00607046
260,18456.9,0.6604,0.44115,0.96477,0.89989,0.76233,0.81553,0.5077,1.32672,0.6229,1.40071,0.0181657,0.00605523,0.0181657,0.00605523,0.0181657,0.00605523,0.0181657,0.00605523
261,18527.8,0.65723,0.43994,0.96471,0.89771,0.76399,0.81314,0.50898,1.32842,0.6202,1.40262,0.01812,0.00604,0.01812,0.00604,0.01812,0.00604,0.01812,0.00604
262,18598.8,0.66462,0.44396,0.96726,0.89567,0.76549,0.81291,0.51,1.32697,0.62083,1.40092,0.0180743,0.00602477,0.0180743,0.00602477,0.0180743,0.00602477,0.0180743,0.00602477
263,18669.5,0.65539,0.43803,0.96546,0.89594,0.76893,0.81582,0.51032,1.32378,0.62139,1.3979,0.0180286,0.00600954,0.0180286,0.00600954,0.0180286,0.00600954,0.0180286,0.00600954
264,18740.3,0.65744,0.44116,0.96551,0.90052,0.76559,0.81518,0.51095,1.32411,0.61915,1.39964,0.0179829,0.00599431,0.0179829,0.00599431,0.0179829,0.00599431,0.0179829,0.00599431
265,18811.3,0.66131,0.44338,0.964,0.90024,0.76752,0.81552,0.51093,1.32514,0.6215,1.40158,0.0179372,0.00597908,0.0179372,0.00597908,0.0179372,0.00597908,0.0179372,0.00597908
266,18882,0.6514,0.43516,0.96562,0.90027,0.76789,0.81517,0.5102,1.32201,0.62176,1.39947,0.0178915,0.00596385,0.0178915,0.00596385,0.0178915,0.00596385,0.0178915,0.00596385
267,18952.9,0.65825,0.44129,0.96425,0.89436,0.76857,0.81699,0.51085,1.32298,0.62356,1.39966,0.0178458,0.00594862,0.0178458,0.00594862,0.0178458,0.00594862,0.0178458,0.00594862
268,19023.8,0.65212,0.43531,0.96497,0.89164,0.7694,0.81617,0.51136,1.32268,0.62501,1.40027,0.0178002,0.00593338,0.0178002,0.00593338,0.0178002,0.00593338,0.0178002,0.00593338
269,19094.4,0.66014,0.44365,0.9678,0.90168,0.7655,0.81597,0.51144,1.32187,0.62226,1.39988,0.0177545,0.00591815,0.0177545,0.00591815,0.0177545,0.00591815,0.0177545,0.00591815
270,19165,0.6591,0.44325,0.9664,0.90484,0.76383,0.81554,0.51145,1.32156,0.62155,1.39928,0.0177088,0.00590292,0.0177088,0.00590292,0.0177088,0.00590292,0.0177088,0.00590292
271,19235.7,0.65876,0.43768,0.96503,0.90236,0.76734,0.8177,0.51176,1.31883,0.62374,1.39806,0.0176631,0.00588769,0.0176631,0.00588769,0.0176631,0.00588769,0.0176631,0.00588769
272,19306.7,0.6461,0.42926,0.95752,0.89914,0.76772,0.81569,0.51275,1.3147,0.62511,1.39403,0.0176174,0.00587246,0.0176174,0.00587246,0.0176174,0.00587246,0.0176174,0.00587246
273,19377.9,0.65632,0.4403,0.96473,0.89859,0.76841,0.81586,0.5123,1.31491,0.62517,1.39516,0.0175717,0.00585723,0.0175717,0.00585723,0.0175717,0.00585723,0.0175717,0.00585723
274,19448.8,0.65254,0.43641,0.96117,0.90153,0.76179,0.81536,0.51012,1.31414,0.62553,1.39524,0.017526,0.005842,0.017526,0.005842,0.017526,0.005842,0.017526,0.005842
275,19519.8,0.65109,0.43421,0.96327,0.88243,0.77374,0.81347,0.51066,1.31415,0.62583,1.39536,0.0174803,0.00582677,0.0174803,0.00582677,0.0174803,0.00582677,0.0174803,0.00582677
276,19590.3,0.65044,0.434,0.96294,0.88207,0.77438,0.81345,0.51251,1.31454,0.62503,1.39708,0.0174346,0.00581154,0.0174346,0.00581154,0.0174346,0.00581154,0.0174346,0.00581154
277,19660.9,0.64661,0.43633,0.96184,0.89221,0.7664,0.81276,0.51084,1.31414,0.62415,1.39856,0.0173889,0.00579631,0.0173889,0.00579631,0.0173889,0.00579631,0.0173889,0.00579631
278,19732.1,0.65252,0.43671,0.96336,0.89251,0.76396,0.81297,0.51136,1.31375,0.62281,1.39869,0.0173432,0.00578108,0.0173432,0.00578108,0.0173432,0.00578108,0.0173432,0.00578108
279,19802.8,0.65135,0.43285,0.96232,0.89234,0.76307,0.81527,0.51236,1.31223,0.62221,1.39791,0.0172975,0.00576585,0.0172975,0.00576585,0.0172975,0.00576585,0.0172975,0.00576585
280,19873.3,0.64906,0.43148,0.96227,0.8926,0.76422,0.8152,0.51409,1.31197,0.62078,1.39711,0.0172518,0.00575062,0.0172518,0.00575062,0.0172518,0.00575062,0.0172518,0.00575062
281,19944.3,0.64569,0.42924,0.95827,0.89602,0.76386,0.81826,0.51527,1.31226,0.62103,1.39763,0.0172062,0.00573538,0.0172062,0.00573538,0.0172062,0.00573538,0.0172062,0.00573538
282,20015.1,0.64472,0.43164,0.96032,0.8922,0.76533,0.81685,0.51563,1.31144,0.62061,1.39764,0.0171605,0.00572015,0.0171605,0.00572015,0.0171605,0.00572015,0.0171605,0.00572015
283,20086,0.644,0.43282,0.95929,0.89378,0.76828,0.81952,0.51614,1.30967,0.62194,1.39567,0.0171148,0.00570492,0.0171148,0.00570492,0.0171148,0.00570492,0.0171148,0.00570492
284,20156.9,0.64588,0.43044,0.95795,0.89617,0.76778,0.82014,0.51593,1.30939,0.62142,1.39618,0.0170691,0.00568969,0.0170691,0.00568969,0.0170691,0.00568969,0.0170691,0.00568969
285,20227.5,0.64377,0.42856,0.95717,0.89626,0.76732,0.82023,0.51653,1.30836,0.62089,1.39632,0.0170234,0.00567446,0.0170234,0.00567446,0.0170234,0.00567446,0.0170234,0.00567446
286,20298.6,0.63933,0.43139,0.96084,0.90234,0.7654,0.8221,0.51583,1.30619,0.62097,1.39351,0.0169777,0.00565923,0.0169777,0.00565923,0.0169777,0.00565923,0.0169777,0.00565923
287,20369.1,0.64685,0.43043,0.95983,0.89885,0.7662,0.82151,0.51653,1.30579,0.62089,1.39371,0.016932,0.005644,0.016932,0.005644,0.016932,0.005644,0.016932,0.005644
288,20440,0.6365,0.42525,0.95595,0.89957,0.76668,0.82164,0.5187,1.30518,0.61996,1.39246,0.0168863,0.00562877,0.0168863,0.00562877,0.0168863,0.00562877,0.0168863,0.00562877
289,20510.8,0.6466,0.43215,0.96207,0.89909,0.76803,0.82158,0.51842,1.3052,0.62051,1.39277,0.0168406,0.00561354,0.0168406,0.00561354,0.0168406,0.00561354,0.0168406,0.00561354
290,20581.4,0.64415,0.43087,0.96044,0.89982,0.76734,0.82092,0.51785,1.30384,0.61973,1.39174,0.0167949,0.00559831,0.0167949,0.00559831,0.0167949,0.00559831,0.0167949,0.00559831
291,20652.1,0.64105,0.42867,0.96049,0.90098,0.76715,0.82129,0.51765,1.30303,0.61863,1.3916,0.0167492,0.00558308,0.0167492,0.00558308,0.0167492,0.00558308,0.0167492,0.00558308
292,20723.1,0.64446,0.42828,0.95745,0.90256,0.76548,0.82094,0.51866,1.30246,0.61809,1.392,0.0167035,0.00556785,0.0167035,0.00556785,0.0167035,0.00556785,0.0167035,0.00556785
293,20794.2,0.64404,0.43044,0.95868,0.90079,0.76689,0.82124,0.51756,1.30231,0.61792,1.39205,0.0166578,0.00555262,0.0166578,0.00555262,0.0166578,0.00555262,0.0166578,0.00555262
294,20864.7,0.63336,0.42588,0.95501,0.90082,0.76722,0.82187,0.51728,1.3018,0.61827,1.39237,0.0166122,0.00553738,0.0166122,0.00553738,0.0166122,0.00553738,0.0166122,0.00553738
295,20935.4,0.634,0.42186,0.95514,0.89931,0.76597,0.82149,0.51664,1.30322,0.61801,1.39329,0.0165665,0.00552215,0.0165665,0.00552215,0.0165665,0.00552215,0.0165665,0.00552215
296,21006.4,0.64041,0.42316,0.95424,0.90369,0.76367,0.82149,0.5179,1.30208,0.61828,1.39332,0.0165208,0.00550692,0.0165208,0.00550692,0.0165208,0.00550692,0.0165208,0.00550692
297,21077.2,0.6337,0.42029,0.95423,0.90483,0.7636,0.82129,0.51865,1.30145,0.61881,1.39258,0.0164751,0.00549169,0.0164751,0.00549169,0.0164751,0.00549169,0.0164751,0.00549169
298,21147.9,0.63328,0.42008,0.95379,0.90551,0.7607,0.82093,0.51881,1.30043,0.61923,1.39218,0.0164294,0.00547646,0.0164294,0.00547646,0.0164294,0.00547646,0.0164294,0.00547646
299,21218.8,0.63241,0.4231,0.95571,0.90713,0.75831,0.81851,0.51918,1.29921,0.61844,1.39158,0.0163837,0.00546123,0.0163837,0.00546123,0.0163837,0.00546123,0.0163837,0.00546123
300,21289.9,0.63685,0.42301,0.95259,0.90943,0.7592,0.82107,0.51886,1.29891,0.61752,1.39223,0.016338,0.005446,0.016338,0.005446,0.016338,0.005446,0.016338,0.005446
301,21360.5,0.63019,0.42308,0.95418,0.89869,0.7651,0.82087,0.51933,1.29882,0.61661,1.39237,0.0162923,0.00543077,0.0162923,0.00543077,0.0162923,0.00543077,0.0162923,0.00543077
302,21431.5,0.63412,0.42075,0.95538,0.90371,0.76329,0.82103,0.51985,1.29908,0.61497,1.39229,0.0162466,0.00541554,0.0162466,0.00541554,0.0162466,0.00541554,0.0162466,0.00541554
303,21502.7,0.63452,0.42277,0.95657,0.90651,0.7626,0.81892,0.52042,1.29893,0.61486,1.39198,0.0162009,0.00540031,0.0162009,0.00540031,0.0162009,0.00540031,0.0162009,0.00540031
304,21574,0.63826,0.4245,0.95569,0.90933,0.76388,0.81887,0.51954,1.30021,0.61396,1.39323,0.0161552,0.00538508,0.0161552,0.00538508,0.0161552,0.00538508,0.0161552,0.00538508
305,21644.5,0.6282,0.42042,0.95294,0.90984,0.76363,0.81826,0.51868,1.30061,0.6135,1.39415,0.0161095,0.00536985,0.0161095,0.00536985,0.0161095,0.00536985,0.0161095,0.00536985
306,21715.2,0.6269,0.41972,0.95143,0.90684,0.76248,0.81846,0.5184,1.29901,0.61573,1.39441,0.0160638,0.00535462,0.0160638,0.00535462,0.0160638,0.00535462,0.0160638,0.00535462
307,21785.9,0.63318,0.42093,0.95596,0.90324,0.76335,0.81825,0.51885,1.2986,0.61476,1.39438,0.0160182,0.00533938,0.0160182,0.00533938,0.0160182,0.00533938,0.0160182,0.00533938
308,21856.3,0.6274,0.41795,0.95265,0.90284,0.76397,0.8175,0.51888,1.29725,0.61406,1.39382,0.0159725,0.00532415,0.0159725,0.00532415,0.0159725,0.00532415,0.0159725,0.00532415
309,21927,0.62835,0.42098,0.95235,0.90101,0.76463,0.81797,0.51924,1.29701,0.61325,1.39304,0.0159268,0.00530892,0.0159268,0.00530892,0.0159268,0.00530892,0.0159268,0.00530892
310,21997.7,0.62748,0.41675,0.95425,0.90169,0.76474,0.81856,0.51898,1.29654,0.61167,1.39358,0.0158811,0.00529369,0.0158811,0.00529369,0.0158811,0.00529369,0.0158811,0.00529369
311,22068.7,0.62547,0.41545,0.94762,0.89983,0.76617,0.81842,0.51923,1.29662,0.6102,1.39529,0.0158354,0.00527846,0.0158354,0.00527846,0.0158354,0.00527846,0.0158354,0.00527846
312,22139.7,0.62614,0.41544,0.9513,0.89901,0.76932,0.81864,0.51959,1.29647,0.60909,1.39505,0.0157897,0.00526323,0.0157897,0.00526323,0.0157897,0.00526323,0.0157897,0.00526323
313,22210.6,0.62756,0.41873,0.9536,0.89657,0.77083,0.81963,0.51947,1.29565,0.60933,1.39531,0.015744,0.005248,0.015744,0.005248,0.015744,0.005248,0.015744,0.005248
314,22281.6,0.62702,0.4183,0.9525,0.89641,0.77015,0.81989,0.51931,1.29569,0.60875,1.39545,0.0156983,0.00523277,0.0156983,0.00523277,0.0156983,0.00523277,0.0156983,0.00523277
315,22352.4,0.62424,0.41633,0.95213,0.8971,0.77057,0.82051,0.52141,1.29578,0.60879,1.3954,0.0156526,0.00521754,0.0156526,0.00521754,0.0156526,0.00521754,0.0156526,0.00521754
316,22423.4,0.62712,0.41593,0.95079,0.89946,0.77013,0.82166,0.52144,1.29577,0.60761,1.39574,0.0156069,0.00520231,0.0156069,0.00520231,0.0156069,0.00520231,0.0156069,0.00520231
317,22494.2,0.62123,0.41245,0.94837,0.90061,0.7691,0.822,0.5217,1.29507,0.6074,1.39524,0.0155612,0.00518708,0.0155612,0.00518708,0.0155612,0.00518708,0.0155612,0.00518708
318,22565.7,0.62543,0.41343,0.95197,0.90234,0.76722,0.82207,0.52211,1.29439,0.6065,1.39435,0.0155155,0.00517185,0.0155155,0.00517185,0.0155155,0.00517185,0.0155155,0.00517185
319,22636.8,0.62228,0.41648,0.95014,0.90476,0.77053,0.82432,0.52224,1.29338,0.60695,1.39367,0.0154698,0.00515662,0.0154698,0.00515662,0.0154698,0.00515662,0.0154698,0.00515662
320,22708,0.62709,0.41584,0.95289,0.90646,0.76875,0.8247,0.52097,1.29342,0.60731,1.39346,0.0154242,0.00514138,0.0154242,0.00514138,0.0154242,0.00514138,0.0154242,0.00514138
321,22779,0.62197,0.41619,0.94827,0.90566,0.76834,0.82444,0.52206,1.29303,0.60698,1.39324,0.0153785,0.00512615,0.0153785,0.00512615,0.0153785,0.00512615,0.0153785,0.00512615
322,22849.8,0.62698,0.41738,0.94978,0.9001,0.77125,0.82743,0.52198,1.29298,0.6061,1.39375,0.0153328,0.00511092,0.0153328,0.00511092,0.0153328,0.00511092,0.0153328,0.00511092
323,22920.5,0.61617,0.41153,0.9478,0.89812,0.77219,0.82488,0.52065,1.29365,0.60568,1.39442,0.0152871,0.00509569,0.0152871,0.00509569,0.0152871,0.00509569,0.0152871,0.00509569
324,22991.3,0.61924,0.41073,0.94803,0.88775,0.77894,0.82548,0.5206,1.29489,0.60548,1.39599,0.0152414,0.00508046,0.0152414,0.00508046,0.0152414,0.00508046,0.0152414,0.00508046
325,23062.2,0.61749,0.40956,0.94689,0.88155,0.78315,0.82808,0.5203,1.29516,0.60553,1.39679,0.0151957,0.00506523,0.0151957,0.00506523,0.0151957,0.00506523,0.0151957,0.00506523
326,23133,0.61712,0.41339,0.94759,0.88058,0.7824,0.82807,0.52085,1.29405,0.60433,1.39624,0.01515,0.00505,0.01515,0.00505,0.01515,0.00505,0.01515,0.00505
327,23204.2,0.61623,0.41192,0.9488,0.88102,0.78367,0.82573,0.52022,1.29376,0.60517,1.3966,0.0151043,0.00503477,0.0151043,0.00503477,0.0151043,0.00503477,0.0151043,0.00503477
328,23275.3,0.62278,0.4127,0.94774,0.88209,0.78288,0.82562,0.52024,1.29462,0.60548,1.39758,0.0150586,0.00501954,0.0150586,0.00501954,0.0150586,0.00501954,0.0150586,0.00501954
329,23346,0.61638,0.40913,0.9471,0.8815,0.78241,0.82477,0.51944,1.29449,0.60561,1.3976,0.0150129,0.00500431,0.0150129,0.00500431,0.0150129,0.00500431,0.0150129,0.00500431
330,23416.8,0.61372,0.4121,0.94823,0.88094,0.78268,0.82326,0.51937,1.2952,0.60435,1.39769,0.0149672,0.00498908,0.0149672,0.00498908,0.0149672,0.00498908,0.0149672,0.00498908
331,23488,0.61904,0.41167,0.9465,0.88025,0.78305,0.82329,0.51927,1.2951,0.60598,1.39831,0.0149215,0.00497385,0.0149215,0.00497385,0.0149215,0.00497385,0.0149215,0.00497385
332,23559,0.61532,0.41032,0.94753,0.88026,0.78273,0.82363,0.51928,1.29508,0.60666,1.3986,0.0148758,0.00495862,0.0148758,0.00495862,0.0148758,0.00495862,0.0148758,0.00495862
333,23629.8,0.61884,0.41152,0.94804,0.87782,0.78714,0.82367,0.51977,1.29502,0.606,1.39915,0.0148302,0.00494338,0.0148302,0.00494338,0.0148302,0.00494338,0.0148302,0.00494338
334,23700.4,0.61068,0.40588,0.94558,0.87739,0.78729,0.82354,0.52026,1.29611,0.60705,1.39961,0.0147845,0.00492815,0.0147845,0.00492815,0.0147845,0.00492815,0.0147845,0.00492815
335,23771.1,0.61795,0.41019,0.94631,0.87721,0.78742,0.82569,0.52075,1.29578,0.60699,1.39964,0.0147388,0.00491292,0.0147388,0.00491292,0.0147388,0.00491292,0.0147388,0.00491292
336,23841.9,0.61989,0.4118,0.9459,0.87657,0.78752,0.82594,0.52142,1.29474,0.60655,1.39906,0.0146931,0.00489769,0.0146931,0.00489769,0.0146931,0.00489769,0.0146931,0.00489769
337,23912.6,0.61362,0.40919,0.94799,0.90432,0.76739,0.82743,0.52153,1.29487,0.60569,1.39903,0.0146474,0.00488246,0.0146474,0.00488246,0.0146474,0.00488246,0.0146474,0.00488246
338,23983,0.6174,0.41345,0.94832,0.8782,0.78762,0.82514,0.52175,1.29542,0.6061,1.39917,0.0146017,0.00486723,0.0146017,0.00486723,0.0146017,0.00486723,0.0146017,0.00486723
339,24053.5,0.61641,0.4088,0.94763,0.87724,0.78772,0.82546,0.52213,1.29487,0.60596,1.399,0.014556,0.004852,0.014556,0.004852,0.014556,0.004852,0.014556,0.004852
340,24124.4,0.61524,0.40527,0.94598,0.87838,0.78675,0.82777,0.52269,1.29453,0.6058,1.39926,0.0145103,0.00483677,0.0145103,0.00483677,0.0145103,0.00483677,0.0145103,0.00483677
341,24195.5,0.61127,0.40597,0.94459,0.90064,0.76768,0.82779,0.52247,1.29399,0.60558,1.39887,0.0144646,0.00482154,0.0144646,0.00482154,0.0144646,0.00482154,0.0144646,0.00482154
342,24266.7,0.60619,0.40385,0.943,0.90308,0.76719,0.82573,0.52203,1.29385,0.60583,1.39844,0.0144189,0.00480631,0.0144189,0.00480631,0.0144189,0.00480631,0.0144189,0.00480631
343,24337.4,0.60608,0.40242,0.94236,0.87977,0.78589,0.82791,0.52282,1.29315,0.60567,1.39839,0.0143732,0.00479108,0.0143732,0.00479108,0.0143732,0.00479108,0.0143732,0.00479108
344,24408.1,0.60542,0.40406,0.94324,0.87954,0.78592,0.82809,0.52216,1.29261,0.60532,1.39834,0.0143275,0.00477585,0.0143275,0.00477585,0.0143275,0.00477585,0.0143275,0.00477585
345,24478.7,0.6123,0.40594,0.94148,0.87934,0.78604,0.82824,0.5224,1.29291,0.60585,1.39845,0.0142818,0.00476062,0.0142818,0.00476062,0.0142818,0.00476062,0.0142818,0.00476062
346,24549.5,0.60862,0.40639,0.94345,0.87943,0.7858,0.82825,0.52304,1.29265,0.6066,1.39823,0.0142362,0.00474538,0.0142362,0.00474538,0.0142362,0.00474538,0.0142362,0.00474538
347,24620.4,0.60907,0.40478,0.94296,0.87944,0.78551,0.82738,0.52238,1.29276,0.60681,1.39819,0.0141905,0.00473015,0.0141905,0.00473015,0.0141905,0.00473015,0.0141905,0.00473015
348,24691.3,0.60139,0.40265,0.93905,0.90591,0.76781,0.82756,0.523,1.29261,0.60711,1.39821,0.0141448,0.00471492,0.0141448,0.00471492,0.0141448,0.00471492,0.0141448,0.00471492
349,24762.3,0.60779,0.40193,0.94344,0.90611,0.76785,0.82722,0.52306,1.29351,0.60657,1.39874,0.0140991,0.00469969,0.0140991,0.00469969,0.0140991,0.00469969,0.0140991,0.00469969
350,24833.4,0.60482,0.40135,0.94089,0.90281,0.76858,0.82603,0.52258,1.29216,0.60621,1.39762,0.0140534,0.00468446,0.0140534,0.00468446,0.0140534,0.00468446,0.0140534,0.00468446
351,24904,0.6068,0.40166,0.93907,0.88504,0.78252,0.82605,0.52239,1.29168,0.607,1.39737,0.0140077,0.00466923,0.0140077,0.00466923,0.0140077,0.00466923,0.0140077,0.00466923
352,24974.9,0.60507,0.4047,0.94256,0.91362,0.76454,0.82607,0.52158,1.29099,0.60622,1.39662,0.013962,0.004654,0.013962,0.004654,0.013962,0.004654,0.013962,0.004654
353,25045.7,0.59899,0.39936,0.94147,0.88153,0.78315,0.82603,0.52217,1.29017,0.60702,1.39654,0.0139163,0.00463877,0.0139163,0.00463877,0.0139163,0.00463877,0.0139163,0.00463877
354,25116.3,0.60222,0.40117,0.94096,0.88165,0.7836,0.82599,0.52247,1.29085,0.60676,1.39662,0.0138706,0.00462354,0.0138706,0.00462354,0.0138706,0.00462354,0.0138706,0.00462354
355,25187.1,0.60269,0.40113,0.94107,0.88159,0.78337,0.82619,0.52255,1.28956,0.60637,1.3961,0.0138249,0.00460831,0.0138249,0.00460831,0.0138249,0.00460831,0.0138249,0.00460831
356,25257.7,0.60074,0.39869,0.93894,0.88387,0.786,0.82589,0.5221,1.28914,0.6065,1.39588,0.0137792,0.00459308,0.0137792,0.00459308,0.0137792,0.00459308,0.0137792,0.00459308
357,25328.3,0.60315,0.40017,0.94187,0.882,0.78915,0.82571,0.52231,1.28847,0.60674,1.39588,0.0137335,0.00457785,0.0137335,0.00457785,0.0137335,0.00457785,0.0137335,0.00457785
358,25399.2,0.60263,0.4012,0.94149,0.88183,0.78899,0.82572,0.52236,1.28839,0.60648,1.39592,0.0136878,0.00456262,0.0136878,0.00456262,0.0136878,0.00456262,0.0136878,0.00456262
359,25469.7,0.59713,0.39785,0.94215,0.88024,0.79031,0.82582,0.52314,1.28703,0.60576,1.39522,0.0136422,0.00454738,0.0136422,0.00454738,0.0136422,0.00454738,0.0136422,0.00454738
360,25541.2,0.60253,0.39908,0.94082,0.88389,0.78948,0.82591,0.52248,1.28681,0.60569,1.39466,0.0135965,0.00453215,0.0135965,0.00453215,0.0135965,0.00453215,0.0135965,0.00453215
361,25612,0.59434,0.39577,0.93723,0.8878,0.78573,0.82598,0.52256,1.28652,0.60491,1.39443,0.0135508,0.00451692,0.0135508,0.00451692,0.0135508,0.00451692,0.0135508,0.00451692
362,25682.6,0.59247,0.39627,0.9416,0.88738,0.78531,0.82592,0.52258,1.28584,0.60563,1.39394,0.0135051,0.00450169,0.0135051,0.00450169,0.0135051,0.00450169,0.0135051,0.00450169
363,25753.3,0.59492,0.39566,0.93769,0.88843,0.78502,0.8259,0.52279,1.28601,0.60527,1.39351,0.0134594,0.00448646,0.0134594,0.00448646,0.0134594,0.00448646,0.0134594,0.00448646
364,25823.9,0.60139,0.39906,0.94054,0.88731,0.78333,0.82598,0.52261,1.28505,0.60434,1.39325,0.0134137,0.00447123,0.0134137,0.00447123,0.0134137,0.00447123,0.0134137,0.00447123
365,25894.5,0.59406,0.39529,0.93673,0.88421,0.78558,0.8264,0.52396,1.28454,0.60359,1.39251,0.013368,0.004456,0.013368,0.004456,0.013368,0.004456,0.013368,0.004456
366,25965.5,0.59176,0.39401,0.93723,0.88224,0.79038,0.82681,0.52414,1.28314,0.60345,1.39108,0.0133223,0.00444077,0.0133223,0.00444077,0.0133223,0.00444077,0.0133223,0.00444077
367,26036.9,0.59222,0.39374,0.93623,0.88032,0.79118,0.82714,0.52497,1.28333,0.60323,1.39107,0.0132766,0.00442554,0.0132766,0.00442554,0.0132766,0.00442554,0.0132766,0.00442554
368,26108.3,0.59618,0.39561,0.93732,0.88007,0.7912,0.82818,0.52483,1.28202,0.60272,1.39039,0.0132309,0.00441031,0.0132309,0.00441031,0.0132309,0.00441031,0.0132309,0.00441031
369,26178.7,0.59631,0.39481,0.9387,0.88277,0.78869,0.82791,0.52442,1.28162,0.60097,1.39,0.0131852,0.00439508,0.0131852,0.00439508,0.0131852,0.00439508,0.0131852,0.00439508
370,26249.5,0.59318,0.39513,0.93616,0.88267,0.78867,0.82894,0.52457,1.28062,0.60145,1.38936,0.0131395,0.00437985,0.0131395,0.00437985,0.0131395,0.00437985,0.0131395,0.00437985
371,26320.3,0.59698,0.3959,0.93863,0.88454,0.79024,0.83071,0.52574,1.27947,0.60102,1.38855,0.0130938,0.00436462,0.0130938,0.00436462,0.0130938,0.00436462,0.0130938,0.00436462
372,26391.4,0.59317,0.39197,0.93485,0.8849,0.78845,0.82998,0.52589,1.28013,0.60142,1.38906,0.0130482,0.00434938,0.0130482,0.00434938,0.0130482,0.00434938,0.0130482,0.00434938
373,26462.3,0.58887,0.39113,0.9339,0.88448,0.78902,0.83017,0.52532,1.27954,0.60146,1.38867,0.0130025,0.00433415,0.0130025,0.00433415,0.0130025,0.00433415,0.0130025,0.00433415
374,26532.7,0.59171,0.3979,0.93967,0.88174,0.79375,0.82987,0.52572,1.2791,0.60106,1.38789,0.0129568,0.00431892,0.0129568,0.00431892,0.0129568,0.00431892,0.0129568,0.00431892
375,26603.4,0.59713,0.3971,0.93868,0.88486,0.78849,0.83022,0.52571,1.27866,0.60136,1.38766,0.0129111,0.00430369,0.0129111,0.00430369,0.0129111,0.00430369,0.0129111,0.00430369
376,26674.2,0.5911,0.39151,0.93756,0.88413,0.78797,0.83058,0.52602,1.2784,0.60084,1.38736,0.0128654,0.00428846,0.0128654,0.00428846,0.0128654,0.00428846,0.0128654,0.00428846
377,26745.2,0.58621,0.39153,0.93619,0.88388,0.78802,0.83083,0.52631,1.27841,0.60088,1.38765,0.0128197,0.00427323,0.0128197,0.00427323,0.0128197,0.00427323,0.0128197,0.00427323
378,26816.4,0.58447,0.38851,0.93552,0.88466,0.78776,0.83059,0.52632,1.2781,0.60073,1.38689,0.012774,0.004258,0.012774,0.004258,0.012774,0.004258,0.012774,0.004258
379,26887.4,0.59394,0.3906,0.93583,0.88537,0.78835,0.83129,0.52603,1.27715,0.60085,1.38686,0.0127283,0.00424277,0.0127283,0.00424277,0.0127283,0.00424277,0.0127283,0.00424277
380,26958.2,0.59249,0.39357,0.9379,0.8854,0.78824,0.8307,0.52555,1.27594,0.601,1.38646,0.0126826,0.00422754,0.0126826,0.00422754,0.0126826,0.00422754,0.0126826,0.00422754
381,27028.9,0.58816,0.3922,0.936,0.89087,0.79236,0.83532,0.5269,1.27621,0.60013,1.3866,0.0126369,0.00421231,0.0126369,0.00421231,0.0126369,0.00421231,0.0126369,0.00421231
382,27099.9,0.59009,0.39319,0.93744,0.89091,0.79242,0.8354,0.52674,1.27566,0.59962,1.38601,0.0125912,0.00419708,0.0125912,0.00419708,0.0125912,0.00419708,0.0125912,0.00419708
383,27170.6,0.58157,0.38559,0.93371,0.88967,0.79197,0.83545,0.52702,1.27552,0.59908,1.38635,0.0125455,0.00418185,0.0125455,0.00418185,0.0125455,0.00418185,0.0125455,0.00418185
384,27241.5,0.58196,0.38734,0.93419,0.88914,0.7925,0.83478,0.5254,1.27522,0.60043,1.38674,0.0124998,0.00416662,0.0124998,0.00416662,0.0124998,0.00416662,0.0124998,0.00416662
385,27312.5,0.58738,0.39033,0.93458,0.88783,0.7922,0.83497,0.52563,1.27422,0.6008,1.38565,0.0124542,0.00415138,0.0124542,0.00415138,0.0124542,0.00415138,0.0124542,0.00415138
386,27383.6,0.59213,0.38893,0.93273,0.90563,0.78019,0.83516,0.52592,1.27431,0.60143,1.38639,0.0124085,0.00413615,0.0124085,0.00413615,0.0124085,0.00413615,0.0124085,0.00413615
387,27454.7,0.58796,0.38869,0.93221,0.88863,0.79407,0.83548,0.5267,1.27344,0.60146,1.38629,0.0123628,0.00412092,0.0123628,0.00412092,0.0123628,0.00412092,0.0123628,0.00412092
388,27525.3,0.58334,0.38573,0.93169,0.90833,0.77925,0.83585,0.52636,1.27338,0.6015,1.38622,0.0123171,0.00410569,0.0123171,0.00410569,0.0123171,0.00410569,0.0123171,0.00410569
389,27595.9,0.58017,0.38697,0.93581,0.90865,0.77981,0.83626,0.52689,1.27345,0.60071,1.3866,0.0122714,0.00409046,0.0122714,0.00409046,0.0122714,0.00409046,0.0122714,0.00409046
390,27666.5,0.58558,0.39011,0.93309,0.8895,0.79437,0.83626,0.52791,1.27333,0.60037,1.38664,0.0122257,0.00407523,0.0122257,0.00407523,0.0122257,0.00407523,0.0122257,0.00407523
391,27737.4,0.57928,0.38609,0.93207,0.8859,0.79747,0.83809,0.52776,1.27223,0.60073,1.38605,0.01218,0.00406,0.01218,0.00406,0.01218,0.00406,0.01218,0.00406
392,27808.3,0.57859,0.3846,0.93069,0.8916,0.79612,0.83952,0.52792,1.27218,0.59949,1.38609,0.0121343,0.00404477,0.0121343,0.00404477,0.0121343,0.00404477,0.0121343,0.00404477
393,27879.5,0.57896,0.38459,0.931,0.89068,0.79636,0.83958,0.52831,1.27091,0.59952,1.38554,0.0120886,0.00402954,0.0120886,0.00402954,0.0120886,0.00402954,0.0120886,0.00402954
394,27950.6,0.58156,0.38706,0.93356,0.89102,0.79685,0.83851,0.52895,1.27078,0.59788,1.38511,0.0120429,0.00401431,0.0120429,0.00401431,0.0120429,0.00401431,0.0120429,0.00401431
395,28021.8,0.57769,0.38493,0.93159,0.88928,0.79873,0.84011,0.52846,1.2699,0.59628,1.38486,0.0119972,0.00399908,0.0119972,0.00399908,0.0119972,0.00399908,0.0119972,0.00399908
396,28092.4,0.57737,0.38245,0.93069,0.88586,0.7997,0.83939,0.52847,1.2698,0.59631,1.38493,0.0119515,0.00398385,0.0119515,0.00398385,0.0119515,0.00398385,0.0119515,0.00398385
397,28163.2,0.57603,0.38024,0.93117,0.88536,0.7998,0.83788,0.52954,1.26958,0.59621,1.38507,0.0119058,0.00396862,0.0119058,0.00396862,0.0119058,0.00396862,0.0119058,0.00396862
398,28234.1,0.57469,0.3819,0.92947,0.88513,0.79982,0.83783,0.52912,1.26924,0.59574,1.38557,0.0118602,0.00395338,0.0118602,0.00395338,0.0118602,0.00395338,0.0118602,0.00395338
399,28304.7,0.58018,0.38529,0.93117,0.88575,0.79947,0.83772,0.52886,1.26829,0.59578,1.38513,0.0118145,0.00393815,0.0118145,0.00393815,0.0118145,0.00393815,0.0118145,0.00393815
400,28375.7,0.58109,0.38463,0.92835,0.88607,0.80004,0.8379,0.52903,1.26758,0.59548,1.38535,0.0117688,0.00392292,0.0117688,0.00392292,0.0117688,0.00392292,0.0117688,0.00392292
401,28446.2,0.57287,0.37999,0.92815,0.88537,0.79892,0.83859,0.52937,1.26822,0.5955,1.38581,0.0117231,0.00390769,0.0117231,0.00390769,0.0117231,0.00390769,0.0117231,0.00390769
402,28516.6,0.57505,0.3817,0.92709,0.86689,0.81413,0.83742,0.53001,1.26811,0.59543,1.38621,0.0116774,0.00389246,0.0116774,0.00389246,0.0116774,0.00389246,0.0116774,0.00389246
403,28587.3,0.57393,0.38142,0.92861,0.86787,0.81235,0.8372,0.53129,1.26761,0.59525,1.38634,0.0116317,0.00387723,0.0116317,0.00387723,0.0116317,0.00387723,0.0116317,0.00387723
404,28658.3,0.57298,0.3803,0.92915,0.86764,0.81178,0.83699,0.53058,1.26731,0.59403,1.38595,0.011586,0.003862,0.011586,0.003862,0.011586,0.003862,0.011586,0.003862
405,28728.9,0.57811,0.38187,0.92991,0.86607,0.81565,0.83702,0.53061,1.26731,0.59492,1.38629,0.0115403,0.00384677,0.0115403,0.00384677,0.0115403,0.00384677,0.0115403,0.00384677
406,28799.5,0.57568,0.37961,0.92697,0.8668,0.81747,0.8378,0.53082,1.2672,0.59442,1.38655,0.0114946,0.00383154,0.0114946,0.00383154,0.0114946,0.00383154,0.0114946,0.00383154
407,28870.4,0.57127,0.38223,0.928,0.86727,0.81796,0.83778,0.53105,1.26629,0.59398,1.3858,0.0114489,0.00381631,0.0114489,0.00381631,0.0114489,0.00381631,0.0114489,0.00381631
408,28941,0.57555,0.3826,0.92794,0.86688,0.81752,0.83775,0.53036,1.26545,0.59413,1.3853,0.0114032,0.00380108,0.0114032,0.00380108,0.0114032,0.00380108,0.0114032,0.00380108
409,29011.8,0.56833,0.38139,0.92713,0.86688,0.81886,0.83756,0.53061,1.26618,0.59365,1.38522,0.0113575,0.00378585,0.0113575,0.00378585,0.0113575,0.00378585,0.0113575,0.00378585
410,29082.5,0.56827,0.37762,0.92692,0.86794,0.81841,0.83672,0.53044,1.26636,0.59342,1.38564,0.0113118,0.00377062,0.0113118,0.00377062,0.0113118,0.00377062,0.0113118,0.00377062
411,29153.4,0.5736,0.37793,0.9272,0.867,0.81762,0.83753,0.53046,1.26534,0.59392,1.38468,0.0112662,0.00375538,0.0112662,0.00375538,0.0112662,0.00375538,0.0112662,0.00375538
412,29223.9,0.57494,0.38053,0.92881,0.86699,0.81719,0.83768,0.53044,1.26495,0.59407,1.38448,0.0112205,0.00374015,0.0112205,0.00374015,0.0112205,0.00374015,0.0112205,0.00374015
413,29294.6,0.56751,0.37607,0.92698,0.86702,0.81721,0.83757,0.5303,1.26367,0.59366,1.38399,0.0111748,0.00372492,0.0111748,0.00372492,0.0111748,0.00372492,0.0111748,0.00372492
414,29365.4,0.56787,0.37774,0.92525,0.86758,0.81644,0.83899,0.53091,1.26408,0.59217,1.38449,0.0111291,0.00370969,0.0111291,0.00370969,0.0111291,0.00370969,0.0111291,0.00370969
415,29435.7,0.56776,0.38058,0.92914,0.86757,0.81616,0.8393,0.53106,1.26321,0.59236,1.38356,0.0110834,0.00369446,0.0110834,0.00369446,0.0110834,0.00369446,0.0110834,0.00369446
416,29506.4,0.56219,0.37557,0.92728,0.8671,0.81605,0.83948,0.53208,1.26229,0.59199,1.38339,0.0110377,0.00367923,0.0110377,0.00367923,0.0110377,0.00367923,0.0110377,0.00367923
417,29577.3,0.56928,0.37726,0.92895,0.86658,0.81647,0.8395,0.53167,1.2621,0.59284,1.38344,0.010992,0.003664,0.010992,0.003664,0.010992,0.003664,0.010992,0.003664
418,29648,0.57077,0.37663,0.92476,0.86664,0.81647,0.83919,0.53142,1.26209,0.59212,1.38295,0.0109463,0.00364877,0.0109463,0.00364877,0.0109463,0.00364877,0.0109463,0.00364877
419,29718.4,0.56426,0.37607,0.92596,0.86726,0.81651,0.8393,0.53172,1.26108,0.59191,1.38212,0.0109006,0.00363354,0.0109006,0.00363354,0.0109006,0.00363354,0.0109006,0.00363354
420,29789.3,0.56812,0.37596,0.92716,0.86692,0.81565,0.8395,0.53253,1.26226,0.59117,1.38508,0.0108549,0.00361831,0.0108549,0.00361831,0.0108549,0.00361831,0.0108549,0.00361831
421,29860.4,0.56601,0.37399,0.92483,0.86663,0.81708,0.83972,0.53304,1.26082,0.58971,1.38413,0.0108092,0.00360308,0.0108092,0.00360308,0.0108092,0.00360308,0.0108092,0.00360308
422,29931.6,0.56524,0.3749,0.9285,0.86689,0.81771,0.83959,0.53313,1.25915,0.59165,1.38151,0.0107635,0.00358785,0.0107635,0.00358785,0.0107635,0.00358785,0.0107635,0.00358785
423,30002.3,0.56287,0.37047,0.92365,0.86679,0.81746,0.83988,0.53207,1.25919,0.59074,1.38093,0.0107178,0.00357262,0.0107178,0.00357262,0.0107178,0.00357262,0.0107178,0.00357262
424,30073.2,0.56727,0.37737,0.92382,0.86777,0.81627,0.83945,0.53294,1.26061,0.59047,1.38413,0.0106722,0.00355738,0.0106722,0.00355738,0.0106722,0.00355738,0.0106722,0.00355738
425,30143.7,0.55861,0.37126,0.92493,0.86799,0.8157,0.83975,0.53288,1.25887,0.59079,1.38328,0.0106265,0.00354215,0.0106265,0.00354215,0.0106265,0.00354215,0.0106265,0.00354215
426,30214.9,0.5657,0.37558,0.92741,0.86812,0.81552,0.84014,0.5338,1.25856,0.59075,1.383,0.0105808,0.00352692,0.0105808,0.00352692,0.0105808,0.00352692,0.0105808,0.00352692
427,30285.8,0.55947,0.37073,0.92307,0.86834,0.81676,0.83953,0.53398,1.25763,0.59067,1.38215,0.0105351,0.00351169,0.0105351,0.00351169,0.0105351,0.00351169,0.0105351,0.00351169
428,30356.9,0.55842,0.37219,0.92357,0.87198,0.81582,0.84006,0.53361,1.25747,0.59007,1.38196,0.0104894,0.00349646,0.0104894,0.00349646,0.0104894,0.00349646,0.0104894,0.00349646
429,30427.6,0.55592,0.37361,0.92456,0.87301,0.81605,0.8401,0.5329,1.25677,0.58982,1.38178,0.0104437,0.00348123,0.0104437,0.00348123,0.0104437,0.00348123,0.0104437,0.00348123
430,30498.2,0.56066,0.37487,0.92362,0.87356,0.81605,0.84055,0.53338,1.25629,0.58956,1.38192,0.010398,0.003466,0.010398,0.003466,0.010398,0.003466,0.010398,0.003466
431,30569,0.55848,0.37151,0.92321,0.87392,0.81578,0.84004,0.53308,1.25633,0.58965,1.3821,0.0103523,0.00345077,0.0103523,0.00345077,0.0103523,0.00345077,0.0103523,0.00345077
432,30640.4,0.55818,0.37386,0.92322,0.87306,0.81568,0.83993,0.5333,1.25564,0.5893,1.38162,0.0103066,0.00343554,0.0103066,0.00343554,0.0103066,0.00343554,0.0103066,0.00343554
433,30712.1,0.55427,0.36795,0.92338,0.87356,0.8151,0.8399,0.53293,1.2559,0.58911,1.38147,0.0102609,0.00342031,0.0102609,0.00342031,0.0102609,0.00342031,0.0102609,0.00342031
434,30782.8,0.55534,0.36867,0.92058,0.87107,0.81561,0.83988,0.53325,1.25557,0.5886,1.3813,0.0102152,0.00340508,0.0102152,0.00340508,0.0102152,0.00340508,0.0102152,0.00340508
435,30853.8,0.5598,0.37212,0.92291,0.87218,0.81652,0.83976,0.534,1.25532,0.5878,1.3812,0.0101695,0.00338985,0.0101695,0.00338985,0.0101695,0.00338985,0.0101695,0.00338985
436,30924.9,inf,0.37001,0.92121,0.87262,0.81543,0.83965,0.53323,1.25491,0.58827,1.38096,0.0101238,0.00337462,0.0101238,0.00337462,0.0101238,0.00337462,0.0101238,0.00337462
437,30995.8,0.55861,0.36701,0.92169,0.87409,0.81666,0.84034,0.53337,1.25476,0.58909,1.38135,0.0100782,0.00335938,0.0100782,0.00335938,0.0100782,0.00335938,0.0100782,0.00335938
438,31066.4,0.55491,0.3693,0.91985,0.87376,0.8167,0.84008,0.53383,1.25394,0.5889,1.38095,0.0100325,0.00334415,0.0100325,0.00334415,0.0100325,0.00334415,0.0100325,0.00334415
439,31137.5,0.55555,0.36658,0.92063,0.87167,0.81543,0.8401,0.53344,1.25413,0.58838,1.38096,0.00998677,0.00332892,0.00998677,0.00332892,0.00998677,0.00332892,0.00998677,0.00332892
440,31208.5,0.55111,0.36624,0.92265,0.87228,0.81535,0.8402,0.53261,1.25429,0.58799,1.38086,0.00994108,0.00331369,0.00994108,0.00331369,0.00994108,0.00331369,0.00994108,0.00331369
441,31279.4,0.55094,0.36611,0.91812,0.87149,0.8152,0.84083,0.53334,1.25365,0.58856,1.38104,0.00989538,0.00329846,0.00989538,0.00329846,0.00989538,0.00329846,0.00989538,0.00329846
442,31350.3,0.55302,0.36561,0.91962,0.87284,0.81472,0.84092,0.53292,1.25278,0.58788,1.38006,0.00984969,0.00328323,0.00984969,0.00328323,0.00984969,0.00328323,0.00984969,0.00328323
443,31421.4,0.54389,0.3653,0.91951,0.87288,0.81479,0.84085,0.53302,1.25259,0.58762,1.38016,0.009804,0.003268,0.009804,0.003268,0.009804,0.003268,0.009804,0.003268
444,31492.2,0.55178,0.36601,0.91973,0.87316,0.81437,0.84087,0.53325,1.25357,0.58787,1.38062,0.00975831,0.00325277,0.00975831,0.00325277,0.00975831,0.00325277,0.00975831,0.00325277
445,31563,0.54963,0.36533,0.9177,0.87372,0.81489,0.84125,0.53387,1.25315,0.58802,1.38036,0.00971262,0.00323754,0.00971262,0.00323754,0.00971262,0.00323754,0.00971262,0.00323754
446,31633.9,0.55204,0.36602,0.91954,0.87611,0.81692,0.84171,0.53411,1.25288,0.58742,1.37987,0.00966692,0.00322231,0.00966692,0.00322231,0.00966692,0.00322231,0.00966692,0.00322231
447,31705,0.55114,0.36672,0.91985,0.87689,0.81665,0.84184,0.53409,1.2525,0.58699,1.37955,0.00962123,0.00320708,0.00962123,0.00320708,0.00962123,0.00320708,0.00962123,0.00320708
448,31775.7,0.55552,0.36965,0.91894,0.87666,0.81538,0.84178,0.53388,1.25164,0.58621,1.37944,0.00957554,0.00319185,0.00957554,0.00319185,0.00957554,0.00319185,0.00957554,0.00319185
449,31846.7,0.54727,0.36527,0.91873,0.87712,0.81529,0.84115,0.53373,1.25119,0.58554,1.37925,0.00952985,0.00317662,0.00952985,0.00317662,0.00952985,0.00317662,0.00952985,0.00317662
450,31917.8,0.54812,0.36306,0.91924,0.87905,0.81586,0.8412,0.53455,1.25126,0.58518,1.37902,0.00948415,0.00316138,0.00948415,0.00316138,0.00948415,0.00316138,0.00948415,0.00316138
451,31989,0.54915,0.36493,0.91859,0.87897,0.81569,0.84066,0.5351,1.25,0.584,1.37815,0.00943846,0.00314615,0.00943846,0.00314615,0.00943846,0.00314615,0.00943846,0.00314615
452,32060.2,0.55417,0.36424,0.91971,0.8793,0.81568,0.84029,0.53589,1.24893,0.58326,1.3777,0.00939277,0.00313092,0.00939277,0.00313092,0.00939277,0.00313092,0.00939277,0.00313092
453,32131.4,0.54853,0.36187,0.91601,0.8823,0.81489,0.84031,0.53526,1.24902,0.58423,1.3772,0.00934708,0.00311569,0.00934708,0.00311569,0.00934708,0.00311569,0.00934708,0.00311569
454,32202.4,0.54602,0.36125,0.91665,0.88311,0.81186,0.84008,0.53502,1.24993,0.5849,1.37804,0.00930138,0.00310046,0.00930138,0.00310046,0.00930138,0.00310046,0.00930138,0.00310046
455,32273.4,0.55132,0.36399,0.91894,0.88314,0.81003,0.84043,0.53456,1.24866,0.58507,1.37744,0.00925569,0.00308523,0.00925569,0.00308523,0.00925569,0.00308523,0.00925569,0.00308523
456,32344.4,0.54848,0.36341,0.91741,0.88314,0.81002,0.83991,0.53397,1.24917,0.58491,1.37786,0.00921,0.00307,0.00921,0.00307,0.00921,0.00307,0.00921,0.00307
457,32415.5,0.54645,0.36169,0.91777,0.88385,0.80993,0.8404,0.53471,1.24903,0.58527,1.37741,0.00916431,0.00305477,0.00916431,0.00305477,0.00916431,0.00305477,0.00916431,0.00305477
458,32486.4,0.54717,0.36377,0.9176,0.88394,0.81008,0.84144,0.53498,1.24809,0.58546,1.37709,0.00911862,0.00303954,0.00911862,0.00303954,0.00911862,0.00303954,0.00911862,0.00303954
459,32557.5,0.54064,0.35987,0.91627,0.8811,0.81339,0.84171,0.53609,1.247,0.58423,1.37684,0.00907292,0.00302431,0.00907292,0.00302431,0.00907292,0.00302431,0.00907292,0.00302431
460,32632.5,0.54406,0.36172,0.91713,0.88357,0.81327,0.84142,0.53603,1.24828,0.58292,1.37882,0.00902723,0.00300908,0.00902723,0.00300908,0.00902723,0.00300908,0.00902723,0.00300908
461,32708.1,0.54239,0.36129,0.91655,0.88479,0.81214,0.84196,0.53582,1.2483,0.58268,1.3787,0.00898154,0.00299385,0.00898154,0.00299385,0.00898154,0.00299385,0.00898154,0.00299385
462,32782.8,0.54252,0.3609,0.91807,0.89152,0.80719,0.84175,0.53607,1.24863,0.58417,1.37893,0.00893585,0.00297862,0.00893585,0.00297862,0.00893585,0.00297862,0.00893585,0.00297862
463,32857.4,0.53549,0.35748,0.91449,0.89143,0.80796,0.84191,0.53704,1.24817,0.58444,1.37857,0.00889015,0.00296338,0.00889015,0.00296338,0.00889015,0.00296338,0.00889015,0.00296338
464,32932.2,0.54213,0.36104,0.91474,0.88402,0.81241,0.84352,0.5371,1.24739,0.58436,1.3784,0.00884446,0.00294815,0.00884446,0.00294815,0.00884446,0.00294815,0.00884446,0.00294815
465,33007.1,0.53866,0.35877,0.91297,0.88411,0.81238,0.84343,0.53766,1.24687,0.58363,1.378,0.00879877,0.00293292,0.00879877,0.00293292,0.00879877,0.00293292,0.00879877,0.00293292
466,33081.9,0.53949,0.36031,0.91649,0.88383,0.81246,0.84362,0.53742,1.24678,0.58223,1.37794,0.00875308,0.00291769,0.00875308,0.00291769,0.00875308,0.00291769,0.00875308,0.00291769
467,33156.4,0.53834,0.35668,0.91561,0.88378,0.81266,0.84348,0.53759,1.24684,0.58119,1.37745,0.00870738,0.00290246,0.00870738,0.00290246,0.00870738,0.00290246,0.00870738,0.00290246
468,33231,0.54025,0.36025,0.91514,0.88371,0.81257,0.84329,0.53785,1.2465,0.58149,1.37773,0.00866169,0.00288723,0.00866169,0.00288723,0.00866169,0.00288723,0.00866169,0.00288723
469,33306,0.53676,0.35687,0.91347,0.89381,0.80586,0.84346,0.53736,1.2464,0.58242,1.37786,0.008616,0.002872,0.008616,0.002872,0.008616,0.002872,0.008616,0.002872
470,33380.6,0.53546,0.3562,0.91394,0.8827,0.81186,0.84333,0.53729,1.24673,0.58262,1.37783,0.00857031,0.00285677,0.00857031,0.00285677,0.00857031,0.00285677,0.00857031,0.00285677
471,33455.3,0.53584,0.35493,0.91306,0.89261,0.80577,0.84324,0.53758,1.24688,0.58243,1.37738,0.00852462,0.00284154,0.00852462,0.00284154,0.00852462,0.00284154,0.00852462,0.00284154
472,33530,0.53758,0.3573,0.91564,0.89329,0.805,0.84327,0.53808,1.24653,0.58268,1.37789,0.00847892,0.00282631,0.00847892,0.00282631,0.00847892,0.00282631,0.00847892,0.00282631
473,33605,0.54321,0.3575,0.91416,0.89373,0.8046,0.84304,0.53758,1.24641,0.58281,1.37828,0.00843323,0.00281108,0.00843323,0.00281108,0.00843323,0.00281108,0.00843323,0.00281108
474,33679.8,0.53528,0.35596,0.91239,0.8926,0.80352,0.84289,0.53769,1.24648,0.58381,1.37723,0.00838754,0.00279585,0.00838754,0.00279585,0.00838754,0.00279585,0.00838754,0.00279585
475,33754.5,0.53613,0.35448,0.91449,0.8927,0.80307,0.84068,0.5373,1.24696,0.58356,1.37761,0.00834185,0.00278062,0.00834185,0.00278062,0.00834185,0.00278062,0.00834185,0.00278062
476,33829.2,0.53631,0.35347,0.91184,0.89415,0.80265,0.84079,0.53734,1.2468,0.58271,1.37733,0.00829615,0.00276538,0.00829615,0.00276538,0.00829615,0.00276538,0.00829615,0.00276538
477,33904.2,0.53682,0.35543,0.90985,0.89202,0.80089,0.83633,0.53699,1.24645,0.58384,1.37717,0.00825046,0.00275015,0.00825046,0.00275015,0.00825046,0.00275015,0.00825046,0.00275015
478,33979.4,0.53646,0.35442,0.91473,0.89267,0.8016,0.83654,0.53681,1.24722,0.58388,1.37794,0.00820477,0.00273492,0.00820477,0.00273492,0.00820477,0.00273492,0.00820477,0.00273492
479,34054.2,0.5295,0.35349,0.91241,0.89349,0.80119,0.83643,0.53684,1.24674,0.58346,1.37683,0.00815908,0.00271969,0.00815908,0.00271969,0.00815908,0.00271969,0.00815908,0.00271969
480,34129.4,0.53233,0.35114,0.91065,0.89246,0.80072,0.83666,0.53715,1.24699,0.58262,1.37726,0.00811338,0.00270446,0.00811338,0.00270446,0.00811338,0.00270446,0.00811338,0.00270446
481,34204.4,0.53766,0.35382,0.91438,0.89121,0.8047,0.83666,0.53677,1.24739,0.5832,1.37813,0.00806769,0.00268923,0.00806769,0.00268923,0.00806769,0.00268923,0.00806769,0.00268923
482,34279.1,0.5327,0.35242,0.91078,0.89265,0.8035,0.83596,0.53607,1.24736,0.583,1.37842,0.008022,0.002674,0.008022,0.002674,0.008022,0.002674,0.008022,0.002674
483,34353.9,0.53005,0.35165,0.90928,0.89233,0.80382,0.83661,0.53707,1.24598,0.5831,1.37526,0.00797631,0.00265877,0.00797631,0.00265877,0.00797631,0.00265877,0.00797631,0.00265877
484,34428.8,0.52966,0.34957,0.91017,0.8927,0.80359,0.83578,0.53658,1.24545,0.58249,1.37515,0.00793062,0.00264354,0.00793062,0.00264354,0.00793062,0.00264354,0.00793062,0.00264354
485,34503.5,0.52626,0.35323,0.91188,0.89256,0.80431,0.83633,0.53671,1.24504,0.58297,1.37574,0.00788492,0.00262831,0.00788492,0.00262831,0.00788492,0.00262831,0.00788492,0.00262831
486,34578.5,0.52905,0.34979,0.91262,0.89264,0.80288,0.83612,0.53651,1.24537,0.58286,1.3762,0.00783923,0.00261308,0.00783923,0.00261308,0.00783923,0.00261308,0.00783923,0.00261308
487,34653.3,0.52696,0.35223,0.91115,0.89197,0.80434,0.83627,0.53673,1.24601,0.58376,1.37732,0.00779354,0.00259785,0.00779354,0.00259785,0.00779354,0.00259785,0.00779354,0.00259785
488,34728,0.52501,0.34993,0.90924,0.89163,0.80637,0.83626,0.5365,1.24609,0.58406,1.37794,0.00774785,0.00258262,0.00774785,0.00258262,0.00774785,0.00258262,0.00774785,0.00258262
489,34803.1,0.52945,0.35104,0.91063,0.89176,0.80554,0.83696,0.53666,1.24544,0.58444,1.37382,0.00770215,0.00256738,0.00770215,0.00256738,0.00770215,0.00256738,0.00770215,0.00256738
490,34878.3,0.52583,0.34874,0.9085,0.89227,0.80358,0.83696,0.53724,1.24529,0.58373,1.37396,0.00765646,0.00255215,0.00765646,0.00255215,0.00765646,0.00255215,0.00765646,0.00255215
491,34954.6,0.52772,0.34695,0.90961,0.89218,0.80365,0.83678,0.53644,1.24422,0.58332,1.37396,0.00761077,0.00253692,0.00761077,0.00253692,0.00761077,0.00253692,0.00761077,0.00253692
492,35029.6,0.52369,0.34803,0.90712,0.89215,0.80384,0.83683,0.5368,1.24526,0.58326,1.37483,0.00756508,0.00252169,0.00756508,0.00252169,0.00756508,0.00252169,0.00756508,0.00252169
493,35104.5,0.52749,0.34955,0.90917,0.89094,0.80565,0.83684,0.53735,1.24547,0.58357,1.37519,0.00751938,0.00250646,0.00751938,0.00250646,0.00751938,0.00250646,0.00751938,0.00250646
494,35179.4,0.52418,0.3476,0.90765,0.8911,0.80609,0.83828,0.53693,1.24549,0.58355,1.37555,0.00747369,0.00249123,0.00747369,0.00249123,0.00747369,0.00249123,0.00747369,0.00249123
495,35254.2,0.52618,0.34927,0.90794,0.89364,0.80419,0.83842,0.53714,1.24485,0.58269,1.37458,0.007428,0.002476,0.007428,0.002476,0.007428,0.002476,0.007428,0.002476
496,35329,0.51798,0.34352,0.90649,0.89327,0.80424,0.83831,0.53747,1.24527,0.58198,1.37855,0.00738231,0.00246077,0.00738231,0.00246077,0.00738231,0.00246077,0.00738231,0.00246077
497,35403.7,0.51885,0.34422,0.90741,0.89155,0.8061,0.83814,0.53746,1.24493,0.58146,1.37846,0.00733662,0.00244554,0.00733662,0.00244554,0.00733662,0.00244554,0.00733662,0.00244554
498,35478.6,0.5241,0.34782,0.9066,0.89164,0.80621,0.83789,0.53754,1.24398,0.58024,1.37631,0.00729092,0.00243031,0.00729092,0.00243031,0.00729092,0.00243031,0.00729092,0.00243031
499,35554.1,0.52432,0.35055,0.90891,0.89217,0.80644,0.83824,0.53764,1.24302,0.58077,1.37581,0.00724523,0.00241508,0.00724523,0.00241508,0.00724523,0.00241508,0.00724523,0.00241508
500,35630,0.51232,0.34302,0.90424,0.89233,0.80629,0.83831,0.53761,1.24269,0.57922,1.37537,0.00719954,0.00239985,0.00719954,0.00239985,0.00719954,0.00239985,0.00719954,0.00239985
501,35704.6,inf,0.34722,0.90934,0.89318,0.80428,0.83778,0.5377,1.24054,0.58087,1.37253,0.00715385,0.00238462,0.00715385,0.00238462,0.00715385,0.00238462,0.00715385,0.00238462
502,35779.2,0.51978,0.3441,0.90919,0.89262,0.80488,0.83812,0.53776,1.24042,0.58009,1.37202,0.00710815,0.00236938,0.00710815,0.00236938,0.00710815,0.00236938,0.00710815,0.00236938
503,35854,0.52083,0.34621,0.90773,0.89305,0.80355,0.83909,0.53832,1.24102,0.58001,1.37177,0.00706246,0.00235415,0.00706246,0.00235415,0.00706246,0.00235415,0.00706246,0.00235415
504,35929.8,0.51467,0.34264,0.90551,0.89335,0.8034,0.83925,0.53887,1.24037,0.5805,1.37114,0.00701677,0.00233892,0.00701677,0.00233892,0.00701677,0.00233892,0.00701677,0.00233892
505,36004.7,0.51394,0.34326,0.90612,0.8939,0.80841,0.84012,0.53824,1.23868,0.57952,1.36911,0.00697108,0.00232369,0.00697108,0.00232369,0.00697108,0.00232369,0.00697108,0.00232369
506,36079.5,0.51934,0.34573,0.90793,0.8956,0.80798,0.83987,0.53908,1.23771,0.5786,1.36798,0.00692538,0.00230846,0.00692538,0.00230846,0.00692538,0.00230846,0.00692538,0.00230846
507,36154.7,0.51606,0.34126,0.90517,0.88981,0.80897,0.83981,0.53876,1.23811,0.57904,1.36796,0.00687969,0.00229323,0.00687969,0.00229323,0.00687969,0.00229323,0.00687969,0.00229323
508,36229.4,0.5171,0.34223,0.90548,0.88741,0.80795,0.8394,0.53788,1.23769,0.57822,1.36732,0.006834,0.002278,0.006834,0.002278,0.006834,0.002278,0.006834,0.002278
509,36304.3,0.51687,0.34216,0.9058,0.88964,0.8103,0.83988,0.53826,1.23694,0.57849,1.36674,0.00678831,0.00226277,0.00678831,0.00226277,0.00678831,0.00226277,0.00678831,0.00226277
510,36379,0.5143,0.34387,0.90736,0.88833,0.811,0.83969,0.53783,1.23715,0.57805,1.36703,0.00674262,0.00224754,0.00674262,0.00224754,0.00674262,0.00224754,0.00674262,0.00224754
511,36453.8,0.51851,0.34117,0.90511,0.8885,0.8108,0.83966,0.53835,1.23619,0.57795,1.36658,0.00669692,0.00223231,0.00669692,0.00223231,0.00669692,0.00223231,0.00669692,0.00223231
512,36528.4,0.51745,0.34058,0.90478,0.88831,0.81091,0.8395,0.538,1.23636,0.5776,1.36641,0.00665123,0.00221708,0.00665123,0.00221708,0.00665123,0.00221708,0.00665123,0.00221708
513,36603.3,0.51744,0.34291,0.90855,0.88888,0.8114,0.83954,0.53789,1.23727,0.5781,1.36621,0.00660554,0.00220185,0.00660554,0.00220185,0.00660554,0.00220185,0.00660554,0.00220185
514,36678.2,0.50972,0.33921,0.90352,0.88856,0.81218,0.83984,0.53885,1.23625,0.57707,1.36579,0.00655985,0.00218662,0.00655985,0.00218662,0.00655985,0.00218662,0.00655985,0.00218662
515,36753,0.51119,0.33872,0.90298,0.88959,0.81044,0.83999,0.53939,1.2356,0.57597,1.36589,0.00651415,0.00217138,0.00651415,0.00217138,0.00651415,0.00217138,0.00651415,0.00217138
516,36828.2,0.51557,0.34037,0.90644,0.89285,0.81257,0.84041,0.53808,1.23652,0.57721,1.36613,0.00646846,0.00215615,0.00646846,0.00215615,0.00646846,0.00215615,0.00646846,0.00215615
517,36902.7,0.51079,0.34015,0.90469,0.8936,0.81306,0.84072,0.5391,1.23617,0.577,1.36572,0.00642277,0.00214092,0.00642277,0.00214092,0.00642277,0.00214092,0.00642277,0.00214092
518,36977.5,0.50707,0.34025,0.90476,0.89164,0.81141,0.84005,0.53902,1.23714,0.57687,1.36602,0.00637708,0.00212569,0.00637708,0.00212569,0.00637708,0.00212569,0.00637708,0.00212569
519,37052.5,0.50603,0.33488,0.90107,0.89211,0.81327,0.84045,0.53938,1.23748,0.57787,1.3665,0.00633138,0.00211046,0.00633138,0.00211046,0.00633138,0.00211046,0.00633138,0.00211046
520,37127.4,0.51161,0.33842,0.9041,0.89346,0.81288,0.84016,0.53972,1.23717,0.57775,1.36599,0.00628569,0.00209523,0.00628569,0.00209523,0.00628569,0.00209523,0.00628569,0.00209523
521,37202.5,0.50569,0.33632,0.90389,0.89257,0.813,0.84067,0.53967,1.23641,0.57784,1.36566,0.00624,0.00208,0.00624,0.00208,0.00624,0.00208,0.00624,0.00208
522,37277.3,0.5066,0.33848,0.90436,0.8923,0.81301,0.84063,0.53901,1.23795,0.57788,1.36596,0.00619431,0.00206477,0.00619431,0.00206477,0.00619431,0.00206477,0.00619431,0.00206477
523,37352.4,0.50884,0.34054,0.90143,0.89194,0.8141,0.84055,0.53984,1.23659,0.57656,1.36532,0.00614862,0.00204954,0.00614862,0.00204954,0.00614862,0.00204954,0.00614862,0.00204954
524,37427.4,0.50641,0.33658,0.9029,0.89291,0.81475,0.84045,0.53943,1.2383,0.5765,1.36722,0.00610292,0.00203431,0.00610292,0.00203431,0.00610292,0.00203431,0.00610292,0.00203431
525,37502.1,0.50567,0.33744,0.90462,0.89264,0.81547,0.84065,0.53872,1.23665,0.57521,1.36623,0.00605723,0.00201908,0.00605723,0.00201908,0.00605723,0.00201908,0.00605723,0.00201908
526,37576.9,0.50993,0.33856,0.90211,0.89198,0.81621,0.842,0.53949,1.23609,0.57448,1.36563,0.00601154,0.00200385,0.00601154,0.00200385,0.00601154,0.00200385,0.00601154,0.00200385
527,37651.9,0.50525,0.33411,0.90012,0.88784,0.81715,0.84058,0.53885,1.23643,0.57462,1.36594,0.00596585,0.00198862,0.00596585,0.00198862,0.00596585,0.00198862,0.00596585,0.00198862
528,37726.9,0.5042,0.33451,0.90296,0.887,0.81757,0.84067,0.53801,1.23656,0.57464,1.36658,0.00592015,0.00197338,0.00592015,0.00197338,0.00592015,0.00197338,0.00592015,0.00197338
529,37801.7,0.50241,0.33489,0.90025,0.88681,0.81769,0.84087,0.53849,1.23609,0.57432,1.36621,0.00587446,0.00195815,0.00587446,0.00195815,0.00587446,0.00195815,0.00587446,0.00195815
530,37876.8,0.49913,0.33394,0.90075,0.88675,0.81771,0.84075,0.5385,1.23598,0.57481,1.36528,0.00582877,0.00194292,0.00582877,0.00194292,0.00582877,0.00194292,0.00582877,0.00194292
531,37951.6,0.49949,0.33298,0.90056,0.88553,0.81801,0.84114,0.53904,1.23535,0.57479,1.36495,0.00578308,0.00192769,0.00578308,0.00192769,0.00578308,0.00192769,0.00578308,0.00192769
532,38026.5,0.50514,0.33677,0.9045,0.88629,0.81799,0.84135,0.53899,1.23447,0.57399,1.36408,0.00573738,0.00191246,0.00573738,0.00191246,0.00573738,0.00191246,0.00573738,0.00191246
533,38101.5,0.50437,0.3338,0.89975,0.88633,0.81808,0.84052,0.53912,1.23381,0.57392,1.36385,0.00569169,0.00189723,0.00569169,0.00189723,0.00569169,0.00189723,0.00569169,0.00189723
534,38176.6,0.49955,0.33161,0.8984,0.88601,0.8182,0.84108,0.54026,1.23387,0.57343,1.36383,0.005646,0.001882,0.005646,0.001882,0.005646,0.001882,0.005646,0.001882
535,38251.6,0.5007,0.33443,0.9019,0.8878,0.81791,0.84163,0.53965,1.23268,0.57336,1.36276,0.00560031,0.00186677,0.00560031,0.00186677,0.00560031,0.00186677,0.00560031,0.00186677
536,38326.6,0.49811,0.3309,0.89794,0.88803,0.81727,0.84124,0.54031,1.23232,0.57367,1.3615,0.00555462,0.00185154,0.00555462,0.00185154,0.00555462,0.00185154,0.00555462,0.00185154
537,38401.7,0.49802,0.33253,0.90128,0.88778,0.81669,0.84163,0.53996,1.2327,0.57314,1.36185,0.00550892,0.00183631,0.00550892,0.00183631,0.00550892,0.00183631,0.00550892,0.00183631
538,38476.5,0.50195,0.33311,0.89946,0.88775,0.81631,0.84083,0.54011,1.23246,0.57299,1.36138,0.00546323,0.00182108,0.00546323,0.00182108,0.00546323,0.00182108,0.00546323,0.00182108
539,38551.1,0.50016,0.33274,0.9022,0.88845,0.8166,0.84224,0.54144,1.23139,0.57279,1.3609,0.00541754,0.00180585,0.00541754,0.00180585,0.00541754,0.00180585,0.00541754,0.00180585
540,38626.3,0.49655,0.32999,0.89829,0.88931,0.81658,0.84234,0.54158,1.23089,0.57265,1.3605,0.00537185,0.00179062,0.00537185,0.00179062,0.00537185,0.00179062,0.00537185,0.00179062
541,38700.1,0.50164,0.33051,0.89828,0.88946,0.81637,0.84255,0.5417,1.23165,0.57235,1.36081,0.00532615,0.00177538,0.00532615,0.00177538,0.00532615,0.00177538,0.00532615,0.00177538
542,38771.3,0.49566,0.33044,0.89903,0.88989,0.81625,0.84148,0.54116,1.23103,0.57215,1.36054,0.00528046,0.00176015,0.00528046,0.00176015,0.00528046,0.00176015,0.00528046,0.00176015
543,38842.4,0.49747,0.3315,0.90207,0.89119,0.81472,0.84182,0.54114,1.23155,0.57209,1.3609,0.00523477,0.00174492,0.00523477,0.00174492,0.00523477,0.00174492,0.00523477,0.00174492
544,38913.5,0.49687,0.33116,0.89581,0.89133,0.81442,0.84145,0.54159,1.23157,0.57274,1.36087,0.00518908,0.00172969,0.00518908,0.00172969,0.00518908,0.00172969,0.00518908,0.00172969
545,38984.4,0.49571,0.33177,0.89977,0.89178,0.81575,0.84259,0.54093,1.2319,0.57262,1.361,0.00514338,0.00171446,0.00514338,0.00171446,0.00514338,0.00171446,0.00514338,0.00171446
546,39055.7,0.49181,0.32729,0.89718,0.89205,0.81494,0.84224,0.54146,1.23149,0.57254,1.36102,0.00509769,0.00169923,0.00509769,0.00169923,0.00509769,0.00169923,0.00509769,0.00169923
547,39127.1,0.49274,0.32583,0.89792,0.89209,0.81582,0.8421,0.54157,1.2321,0.57183,1.36153,0.005052,0.001684,0.005052,0.001684,0.005052,0.001684,0.005052,0.001684
548,39198.5,0.49627,0.32999,0.89935,0.89136,0.81534,0.84164,0.54105,1.23214,0.57189,1.36194,0.00500631,0.00166877,0.00500631,0.00166877,0.00500631,0.00166877,0.00500631,0.00166877
549,39269.5,0.49288,0.32974,0.89821,0.89047,0.81537,0.84169,0.54063,1.23135,0.57193,1.36221,0.00496062,0.00165354,0.00496062,0.00165354,0.00496062,0.00165354,0.00496062,0.00165354
550,39341,0.49186,0.32673,0.89804,0.88934,0.81373,0.84142,0.54087,1.23126,0.57234,1.36222,0.00491492,0.00163831,0.00491492,0.00163831,0.00491492,0.00163831,0.00491492,0.00163831
551,39412.1,0.49313,0.32751,0.89674,0.88951,0.81366,0.84108,0.54061,1.2323,0.57272,1.36252,0.00486923,0.00162308,0.00486923,0.00162308,0.00486923,0.00162308,0.00486923,0.00162308
552,39482.9,0.49118,0.32816,0.89669,0.89043,0.81228,0.8413,0.54008,1.23262,0.57306,1.36292,0.00482354,0.00160785,0.00482354,0.00160785,0.00482354,0.00160785,0.00482354,0.00160785
553,39553.7,0.49317,0.32641,0.89697,0.89056,0.81606,0.84157,0.54025,1.23241,0.57321,1.36263,0.00477785,0.00159262,0.00477785,0.00159262,0.00477785,0.00159262,0.00477785,0.00159262
554,39624.8,0.48829,0.32675,0.89506,0.88991,0.81525,0.84157,0.53976,1.23223,0.57368,1.36292,0.00473215,0.00157738,0.00473215,0.00157738,0.00473215,0.00157738,0.00473215,0.00157738
555,39695.6,0.48896,0.32622,0.89875,0.88982,0.81639,0.84114,0.53974,1.23239,0.57361,1.36317,0.00468646,0.00156215,0.00468646,0.00156215,0.00468646,0.00156215,0.00468646,0.00156215
556,39766.4,0.49313,0.32863,0.89837,0.89037,0.81823,0.8416,0.54075,1.23154,0.57407,1.36267,0.00464077,0.00154692,0.00464077,0.00154692,0.00464077,0.00154692,0.00464077,0.00154692
557,39837.3,0.48449,0.32213,0.89453,0.88923,0.81582,0.84137,0.5401,1.23091,0.57454,1.36264,0.00459508,0.00153169,0.00459508,0.00153169,0.00459508,0.00153169,0.00459508,0.00153169
558,39908.4,0.4869,0.32564,0.89662,0.89103,0.81802,0.84109,0.54091,1.23173,0.57456,1.36315,0.00454938,0.00151646,0.00454938,0.00151646,0.00454938,0.00151646,0.00454938,0.00151646
559,39979.4,0.48331,0.32164,0.8921,0.88984,0.81672,0.84108,0.54008,1.23272,0.57492,1.36359,0.00450369,0.00150123,0.00450369,0.00150123,0.00450369,0.00150123,0.00450369,0.00150123
560,40050.4,0.48758,0.32521,0.89626,0.88953,0.81675,0.84102,0.53963,1.23316,0.5746,1.36448,0.004458,0.001486,0.004458,0.001486,0.004458,0.001486,0.004458,0.001486
561,40121.4,0.48461,0.3231,0.89419,0.88963,0.81666,0.83993,0.5397,1.23444,0.57429,1.36531,0.00441231,0.00147077,0.00441231,0.00147077,0.00441231,0.00147077,0.00441231,0.00147077
562,40192.6,0.48563,0.32285,0.89469,0.88934,0.81727,0.84021,0.54014,1.23473,0.57448,1.36577,0.00436662,0.00145554,0.00436662,0.00145554,0.00436662,0.00145554,0.00436662,0.00145554
563,40263.4,0.48034,0.32192,0.89492,0.88971,0.81709,0.83962,0.53964,1.23425,0.57461,1.36518,0.00432092,0.00144031,0.00432092,0.00144031,0.00432092,0.00144031,0.00432092,0.00144031
564,40334.4,0.48463,0.32322,0.89558,0.88863,0.81824,0.84,0.5415,1.23429,0.57591,1.36517,0.00427523,0.00142508,0.00427523,0.00142508,0.00427523,0.00142508,0.00427523,0.00142508
565,40405.4,0.48432,0.32285,0.89235,0.88786,0.81685,0.83988,0.54076,1.2338,0.57457,1.36483,0.00422954,0.00140985,0.00422954,0.00140985,0.00422954,0.00140985,0.00422954,0.00140985
566,40476.2,0.48403,0.31986,0.89245,0.88784,0.81718,0.83948,0.54222,1.23339,0.57508,1.36476,0.00418385,0.00139462,0.00418385,0.00139462,0.00418385,0.00139462,0.00418385,0.00139462
567,40547.1,0.48199,0.3217,0.89519,0.88762,0.81764,0.83984,0.54205,1.23402,0.57482,1.36478,0.00413815,0.00137938,0.00413815,0.00137938,0.00413815,0.00137938,0.00413815,0.00137938
568,40617.9,0.48288,0.32113,0.89381,0.88794,0.8173,0.83988,0.54229,1.23337,0.57474,1.36415,0.00409246,0.00136415,0.00409246,0.00136415,0.00409246,0.00136415,0.00409246,0.00136415
569,40689.1,0.48338,0.32182,0.8946,0.88828,0.81671,0.84019,0.54204,1.23361,0.57438,1.3644,0.00404677,0.00134892,0.00404677,0.00134892,0.00404677,0.00134892,0.00404677,0.00134892
570,40759.8,0.47719,0.32135,0.89324,0.88833,0.81665,0.84023,0.54269,1.23309,0.57488,1.36451,0.00400108,0.00133369,0.00400108,0.00133369,0.00400108,0.00133369,0.00400108,0.00133369
571,40830.7,0.47612,0.31906,0.89058,0.88811,0.81689,0.84025,0.54335,1.23325,0.57467,1.36423,0.00395538,0.00131846,0.00395538,0.00131846,0.00395538,0.00131846,0.00395538,0.00131846
572,40901.8,0.48316,0.32173,0.89436,0.88834,0.81751,0.8402,0.54263,1.23277,0.57397,1.36433,0.00390969,0.00130323,0.00390969,0.00130323,0.00390969,0.00130323,0.00390969,0.00130323
573,40972.6,0.47599,0.31949,0.89609,0.88651,0.81584,0.83855,0.5425,1.2325,0.57428,1.36423,0.003864,0.001288,0.003864,0.001288,0.003864,0.001288,0.003864,0.001288
574,41043.5,0.48456,0.32208,0.89208,0.88817,0.81726,0.83993,0.54228,1.23176,0.57504,1.36393,0.00381831,0.00127277,0.00381831,0.00127277,0.00381831,0.00127277,0.00381831,0.00127277
575,41114.3,0.47952,0.31908,0.89317,0.88944,0.81529,0.8399,0.54297,1.23178,0.57493,1.36441,0.00377262,0.00125754,0.00377262,0.00125754,0.00377262,0.00125754,0.00377262,0.00125754
576,41185.3,0.47715,0.31919,0.89103,0.88946,0.81584,0.83976,0.54269,1.23102,0.57413,1.36401,0.00372692,0.00124231,0.00372692,0.00124231,0.00372692,0.00124231,0.00372692,0.00124231
577,41256.1,0.47116,0.31708,0.89087,0.88962,0.8159,0.83984,0.5431,1.23036,0.57452,1.36408,0.00368123,0.00122708,0.00368123,0.00122708,0.00368123,0.00122708,0.00368123,0.00122708
578,41326.8,0.47173,0.31512,0.8913,0.88957,0.81594,0.83987,0.54242,1.23048,0.57438,1.36434,0.00363554,0.00121185,0.00363554,0.00121185,0.00363554,0.00121185,0.00363554,0.00121185
579,41397.8,0.47521,0.31643,0.89122,0.88919,0.8159,0.83999,0.54278,1.22972,0.57442,1.3645,0.00358985,0.00119662,0.00358985,0.00119662,0.00358985,0.00119662,0.00358985,0.00119662
580,41468.7,0.47231,0.31512,0.89207,0.89199,0.81018,0.83878,0.54247,1.22972,0.57339,1.36357,0.00354415,0.00118138,0.00354415,0.00118138,0.00354415,0.00118138,0.00354415,0.00118138
581,41539.6,0.47294,0.31504,0.88947,0.89204,0.81047,0.83794,0.54258,1.22977,0.5736,1.36397,0.00349846,0.00116615,0.00349846,0.00116615,0.00349846,0.00116615,0.00349846,0.00116615
582,41610.5,0.47419,0.31792,0.89063,0.88917,0.81588,0.84019,0.54269,1.22964,0.57397,1.36409,0.00345277,0.00115092,0.00345277,0.00115092,0.00345277,0.00115092,0.00345277,0.00115092
583,41681.2,0.46727,0.31314,0.88868,0.89241,0.8105,0.83809,0.54315,1.22855,0.57378,1.36356,0.00340708,0.00113569,0.00340708,0.00113569,0.00340708,0.00113569,0.00340708,0.00113569
584,41752.1,0.47325,0.31546,0.89125,0.89547,0.81228,0.83973,0.54406,1.22847,0.57297,1.3632,0.00336138,0.00112046,0.00336138,0.00112046,0.00336138,0.00112046,0.00336138,0.00112046
585,41823.1,0.47468,0.31487,0.89131,0.89444,0.81219,0.84023,0.5434,1.22791,0.57321,1.36318,0.00331569,0.00110523,0.00331569,0.00110523,0.00331569,0.00110523,0.00331569,0.00110523
586,41893.9,0.4708,0.31543,0.89339,0.88968,0.81521,0.8401,0.54438,1.22789,0.57274,1.36317,0.00327,0.00109,0.00327,0.00109,0.00327,0.00109,0.00327,0.00109
587,41965,0.46842,0.31397,0.88866,0.89275,0.81025,0.83855,0.5437,1.22797,0.5733,1.36331,0.00322431,0.00107477,0.00322431,0.00107477,0.00322431,0.00107477,0.00322431,0.00107477
588,42035.7,0.46827,0.3114,0.89002,0.89599,0.80894,0.83862,0.54442,1.22817,0.57342,1.36366,0.00317862,0.00105954,0.00317862,0.00105954,0.00317862,0.00105954,0.00317862,0.00105954
589,42106.8,0.47049,0.31546,0.89286,0.89122,0.81041,0.83829,0.54389,1.22844,0.57326,1.36403,0.00313292,0.00104431,0.00313292,0.00104431,0.00313292,0.00104431,0.00313292,0.00104431
590,42177.7,0.47251,0.31555,0.89097,0.89117,0.8105,0.83801,0.54397,1.22844,0.5734,1.36451,0.00308723,0.00102908,0.00308723,0.00102908,0.00308723,0.00102908,0.00308723,0.00102908
591,42248.4,0.46706,0.31353,0.88893,0.89607,0.80859,0.8379,0.54391,1.22886,0.57413,1.36505,0.00304154,0.00101385,0.00304154,0.00101385,0.00304154,0.00101385,0.00304154,0.00101385
592,42319.4,0.46598,0.31282,0.88739,0.89259,0.8101,0.83783,0.54438,1.22865,0.57413,1.36512,0.00299585,0.000998615,0.00299585,0.000998615,0.00299585,0.000998615,0.00299585,0.000998615
593,42390.1,0.46584,0.31307,0.89027,0.89478,0.80923,0.83936,0.54337,1.22904,0.57534,1.36566,0.00295015,0.000983385,0.00295015,0.000983385,0.00295015,0.000983385,0.00295015,0.000983385
594,42460.9,0.46866,0.30999,0.88892,0.89935,0.80787,0.83756,0.54273,1.22917,0.57559,1.36614,0.00290446,0.000968154,0.00290446,0.000968154,0.00290446,0.000968154,0.00290446,0.000968154
595,42532.2,0.46885,0.31203,0.88906,0.89499,0.80861,0.83754,0.54401,1.22896,0.57521,1.36607,0.00285877,0.000952923,0.00285877,0.000952923,0.00285877,0.000952923,0.00285877,0.000952923
596,42608,0.47056,0.31181,0.88656,0.89458,0.80929,0.83871,0.54426,1.22897,0.57513,1.36584,0.00281308,0.000937692,0.00281308,0.000937692,0.00281308,0.000937692,0.00281308,0.000937692
597,42682.7,0.46388,0.30934,0.88723,0.89616,0.8085,0.83751,0.54327,1.22878,0.57499,1.36612,0.00276738,0.000922462,0.00276738,0.000922462,0.00276738,0.000922462,0.00276738,0.000922462
598,42757.1,0.46194,0.31053,0.88778,0.89812,0.80777,0.83764,0.54395,1.22848,0.57535,1.36644,0.00272169,0.000907231,0.00272169,0.000907231,0.00272169,0.000907231,0.00272169,0.000907231
599,42833.5,0.46305,0.31053,0.89075,0.89549,0.8083,0.83721,0.54504,1.22798,0.57513,1.36613,0.002676,0.000892,0.002676,0.000892,0.002676,0.000892,0.002676,0.000892
600,42908.5,0.46907,0.31266,0.88974,0.8945,0.80852,0.83732,0.54507,1.22667,0.57504,1.36479,0.00263031,0.000876769,0.00263031,0.000876769,0.00263031,0.000876769,0.00263031,0.000876769
601,42983.2,0.46234,0.31022,0.88904,0.89633,0.80839,0.8367,0.5441,1.22708,0.5747,1.36462,0.00258462,0.000861538,0.00258462,0.000861538,0.00258462,0.000861538,0.00258462,0.000861538
602,43057.9,0.46193,0.30927,0.88916,0.89729,0.80738,0.83721,0.54503,1.22551,0.57509,1.36384,0.00253892,0.000846308,0.00253892,0.000846308,0.00253892,0.000846308,0.00253892,0.000846308
603,43132.8,0.46379,0.30806,0.88436,0.89973,0.80577,0.83612,0.54467,1.22557,0.57456,1.36425,0.00249323,0.000831077,0.00249323,0.000831077,0.00249323,0.000831077,0.00249323,0.000831077
604,43208,0.46203,0.31035,0.88771,0.89728,0.80427,0.83578,0.54585,1.22545,0.57462,1.36416,0.00244754,0.000815846,0.00244754,0.000815846,0.00244754,0.000815846,0.00244754,0.000815846
605,43283,0.45907,0.30711,0.88737,0.89748,0.80482,0.8352,0.54533,1.22563,0.57516,1.36473,0.00240185,0.000800615,0.00240185,0.000800615,0.00240185,0.000800615,0.00240185,0.000800615
606,43358,0.45518,0.30627,0.88645,0.89711,0.80519,0.83514,0.54654,1.22616,0.57524,1.3656,0.00235615,0.000785385,0.00235615,0.000785385,0.00235615,0.000785385,0.00235615,0.000785385
607,43433.1,0.46046,0.30635,0.88438,0.89629,0.80725,0.83576,0.54463,1.22691,0.57537,1.36678,0.00231046,0.000770154,0.00231046,0.000770154,0.00231046,0.000770154,0.00231046,0.000770154
608,43507.9,0.45955,0.30674,0.88786,0.89976,0.80898,0.83797,0.54546,1.22676,0.57503,1.36716,0.00226477,0.000754923,0.00226477,0.000754923,0.00226477,0.000754923,0.00226477,0.000754923
609,43582.6,0.46338,0.30945,0.88958,0.89739,0.80676,0.83586,0.54494,1.2271,0.57494,1.36791,0.00221908,0.000739692,0.00221908,0.000739692,0.00221908,0.000739692,0.00221908,0.000739692
610,43657.5,0.45403,0.3035,0.88476,0.89835,0.80997,0.83744,0.54579,1.2278,0.57566,1.36947,0.00217338,0.000724462,0.00217338,0.000724462,0.00217338,0.000724462,0.00217338,0.000724462
611,43732.5,0.46199,0.30845,0.8853,0.89607,0.80771,0.83416,0.54496,1.22772,0.57578,1.36931,0.00212769,0.000709231,0.00212769,0.000709231,0.00212769,0.000709231,0.00212769,0.000709231
612,43807.4,0.45839,0.30809,0.88668,0.89625,0.80766,0.83407,0.54518,1.22834,0.57634,1.37059,0.002082,0.000694,0.002082,0.000694,0.002082,0.000694,0.002082,0.000694
613,43882.1,0.46133,0.30795,0.88542,0.89855,0.81011,0.83608,0.54539,1.2289,0.57662,1.3708,0.00203631,0.000678769,0.00203631,0.000678769,0.00203631,0.000678769,0.00203631,0.000678769
614,43956.6,0.45433,0.30599,0.8858,0.89839,0.81021,0.83647,0.54462,1.22952,0.57624,1.37162,0.00199062,0.000663538,0.00199062,0.000663538,0.00199062,0.000663538,0.00199062,0.000663538
615,44031.4,0.45614,0.30314,0.88497,0.89861,0.81001,0.83644,0.54465,1.23061,0.57575,1.37262,0.00194492,0.000648308,0.00194492,0.000648308,0.00194492,0.000648308,0.00194492,0.000648308
616,44106.3,0.45538,0.30375,0.88449,0.89644,0.80865,0.83336,0.54439,1.23036,0.57577,1.37241,0.00189923,0.000633077,0.00189923,0.000633077,0.00189923,0.000633077,0.00189923,0.000633077
617,44181,0.45553,0.30473,0.88496,0.89568,0.8086,0.83325,0.54459,1.23006,0.57611,1.372,0.00185354,0.000617846,0.00185354,0.000617846,0.00185354,0.000617846,0.00185354,0.000617846
618,44255.8,0.45376,0.30479,0.88455,0.89729,0.80764,0.83332,0.54404,1.23017,0.57583,1.37222,0.00180785,0.000602615,0.00180785,0.000602615,0.00180785,0.000602615,0.00180785,0.000602615
619,44330.7,0.45686,0.30604,0.88534,0.89634,0.80763,0.83328,0.54405,1.23046,0.57622,1.37276,0.00176215,0.000587385,0.00176215,0.000587385,0.00176215,0.000587385,0.00176215,0.000587385
620,44405.5,0.44992,0.30271,0.88399,0.89661,0.80829,0.8333,0.54391,1.23054,0.57662,1.37334,0.00171646,0.000572154,0.00171646,0.000572154,0.00171646,0.000572154,0.00171646,0.000572154
621,44480.5,0.45566,0.30668,0.885,0.89638,0.80922,0.83351,0.54407,1.2308,0.57589,1.37375,0.00167077,0.000556923,0.00167077,0.000556923,0.00167077,0.000556923,0.00167077,0.000556923
622,44555.5,0.45589,0.30465,0.88457,0.89635,0.80925,0.83351,0.54379,1.23017,0.57571,1.37416,0.00162508,0.000541692,0.00162508,0.000541692,0.00162508,0.000541692,0.00162508,0.000541692
623,44630,inf,0.29968,0.88195,0.89559,0.80925,0.83359,0.54487,1.23078,0.57502,1.37443,0.00157938,0.000526462,0.00157938,0.000526462,0.00157938,0.000526462,0.00157938,0.000526462
624,44704.5,0.45074,0.30385,0.88446,0.89425,0.81124,0.83466,0.5447,1.22985,0.57485,1.37343,0.00153369,0.000511231,0.00153369,0.000511231,0.00153369,0.000511231,0.00153369,0.000511231
625,44779.3,0.44853,0.3029,0.88238,0.89506,0.81096,0.83473,0.54507,1.22944,0.57412,1.37393,0.001488,0.000496,0.001488,0.000496,0.001488,0.000496,0.001488,0.000496
626,44854.2,0.44952,0.30181,0.88256,0.89723,0.81333,0.83793,0.54477,1.22974,0.57334,1.37446,0.00144231,0.000480769,0.00144231,0.000480769,0.00144231,0.000480769,0.00144231,0.000480769
627,44928.6,0.44507,0.29935,0.88551,0.8975,0.81326,0.83807,0.54474,1.22874,0.5733,1.3732,0.00139662,0.000465538,0.00139662,0.000465538,0.00139662,0.000465538,0.00139662,0.000465538
628,45003.5,0.45449,0.30237,0.88322,0.90043,0.81306,0.83797,0.54397,1.22968,0.57282,1.37482,0.00135092,0.000450308,0.00135092,0.000450308,0.00135092,0.000450308,0.00135092,0.000450308
629,45078.3,0.44982,0.30037,0.88337,0.89737,0.81327,0.83794,0.54517,1.2285,0.5738,1.37409,0.00130523,0.000435077,0.00130523,0.000435077,0.00130523,0.000435077,0.00130523,0.000435077
630,45152.9,0.44821,0.30218,0.8832,0.89527,0.81099,0.8361,0.54463,1.22878,0.5739,1.37349,0.00125954,0.000419846,0.00125954,0.000419846,0.00125954,0.000419846,0.00125954,0.000419846
631,45227.9,0.44614,0.29986,0.88197,0.89518,0.81104,0.83463,0.54517,1.22777,0.57402,1.37327,0.00121385,0.000404615,0.00121385,0.000404615,0.00121385,0.000404615,0.00121385,0.000404615
632,45302.6,0.44427,0.30127,0.88096,0.90158,0.81296,0.83781,0.54553,1.22836,0.57364,1.37382,0.00116815,0.000389385,0.00116815,0.000389385,0.00116815,0.000389385,0.00116815,0.000389385
633,45377.1,0.4469,0.30076,0.88229,0.89859,0.80874,0.83592,0.54462,1.22668,0.57213,1.37242,0.00112246,0.000374154,0.00112246,0.000374154,0.00112246,0.000374154,0.00112246,0.000374154
634,45451.8,0.4433,0.29867,0.88139,0.90026,0.81296,0.83897,0.54572,1.22397,0.57254,1.36457,0.00107677,0.000358923,0.00107677,0.000358923,0.00107677,0.000358923,0.00107677,0.000358923
635,45527.3,0.44595,0.29815,0.8831,0.90266,0.80965,0.83772,0.54549,1.22433,0.57372,1.36535,0.00103108,0.000343692,0.00103108,0.000343692,0.00103108,0.000343692,0.00103108,0.000343692
636,45601.9,0.453,0.30324,0.88378,0.90068,0.80844,0.83444,0.54424,1.22568,0.57304,1.36752,0.000985385,0.000328462,0.000985385,0.000328462,0.000985385,0.000328462,0.000985385,0.000328462
637,45676.6,0.44685,0.30076,0.88222,0.90295,0.81082,0.83751,0.54479,1.22551,0.57278,1.36787,0.000939692,0.000313231,0.000939692,0.000313231,0.000939692,0.000313231,0.000939692,0.000313231
638,45751.2,0.44007,0.29622,0.88116,0.90298,0.81082,0.83755,0.54388,1.22612,0.57246,1.36927,0.000894,0.000298,0.000894,0.000298,0.000894,0.000298,0.000894,0.000298
639,45825.9,0.44636,0.29802,0.88194,0.90208,0.8111,0.83755,0.54325,1.22684,0.57207,1.36963,0.000848308,0.000282769,0.000848308,0.000282769,0.000848308,0.000282769,0.000848308,0.000282769
640,45900.5,0.44132,0.29677,0.88104,0.90017,0.8086,0.83466,0.54397,1.22647,0.57218,1.36938,0.000802615,0.000267538,0.000802615,0.000267538,0.000802615,0.000267538,0.000802615,0.000267538
641,45990.2,0.42436,0.25159,0.86373,0.90328,0.81041,0.83784,0.54464,1.22578,0.57314,1.36815,0.000756923,0.000252308,0.000756923,0.000252308,0.000756923,0.000252308,0.000756923,0.000252308
642,46063.5,0.41383,0.24747,0.85738,0.90334,0.81021,0.83781,0.54428,1.22544,0.57368,1.3683,0.000711231,0.000237077,0.000711231,0.000237077,0.000711231,0.000237077,0.000711231,0.000237077
643,46137.1,0.4132,0.24641,0.86007,0.90371,0.8102,0.83889,0.54365,1.22498,0.57313,1.36846,0.000665538,0.000221846,0.000665538,0.000221846,0.000665538,0.000221846,0.000665538,0.000221846
644,46210.7,0.4086,0.24394,0.85646,0.90395,0.81014,0.83912,0.54321,1.22439,0.57232,1.36847,0.000619846,0.000206615,0.000619846,0.000206615,0.000619846,0.000206615,0.000619846,0.000206615
645,46284.1,0.40854,0.24479,0.85445,0.90425,0.81003,0.83949,0.54393,1.22379,0.573,1.36748,0.000574154,0.000191385,0.000574154,0.000191385,0.000574154,0.000191385,0.000574154,0.000191385
646,46357.8,0.40286,0.24009,0.85369,0.90426,0.80989,0.83878,0.54334,1.22286,0.57285,1.36699,0.000528462,0.000176154,0.000528462,0.000176154,0.000528462,0.000176154,0.000528462,0.000176154
647,46431.2,0.40317,0.24193,0.85602,0.9034,0.80896,0.83647,0.54248,1.22272,0.57262,1.36663,0.000482769,0.000160923,0.000482769,0.000160923,0.000482769,0.000160923,0.000482769,0.000160923
648,46504.5,inf,0.24085,0.85712,0.90373,0.80904,0.83815,0.54335,1.22222,0.5729,1.36666,0.000437077,0.000145692,0.000437077,0.000145692,0.000437077,0.000145692,0.000437077,0.000145692
649,46578.1,0.39923,0.2385,0.85505,0.90359,0.80825,0.83809,0.54378,1.22212,0.57375,1.36646,0.000391385,0.000130462,0.000391385,0.000130462,0.000391385,0.000130462,0.000391385,0.000130462
650,46651.5,0.40023,0.2399,0.85417,0.90376,0.80825,0.83807,0.54359,1.22233,0.5745,1.36753,0.000345692,0.000115231,0.000345692,0.000115231,0.000345692,0.000115231,0.000345692,0.000115231
